-- MySQL dump 10.13  Distrib 5.5.13, for osx10.6 (i386)
--
-- Host: localhost    Database: hr_elections
-- ------------------------------------------------------
-- Server version	5.5.13

/*!40101 SET @OLD_CHARACTER_SET_CLIENT=@@CHARACTER_SET_CLIENT */;
/*!40101 SET @OLD_CHARACTER_SET_RESULTS=@@CHARACTER_SET_RESULTS */;
/*!40101 SET @OLD_COLLATION_CONNECTION=@@COLLATION_CONNECTION */;
/*!40101 SET NAMES utf8 */;
/*!40103 SET @OLD_TIME_ZONE=@@TIME_ZONE */;
/*!40103 SET TIME_ZONE='+00:00' */;
/*!40014 SET @OLD_UNIQUE_CHECKS=@@UNIQUE_CHECKS, UNIQUE_CHECKS=0 */;
/*!40014 SET @OLD_FOREIGN_KEY_CHECKS=@@FOREIGN_KEY_CHECKS, FOREIGN_KEY_CHECKS=0 */;
/*!40101 SET @OLD_SQL_MODE=@@SQL_MODE, SQL_MODE='NO_AUTO_VALUE_ON_ZERO' */;
/*!40111 SET @OLD_SQL_NOTES=@@SQL_NOTES, SQL_NOTES=0 */;

--
-- Table structure for table `auth_group`
--

DROP TABLE IF EXISTS `auth_group`;
/*!40101 SET @saved_cs_client     = @@character_set_client */;
/*!40101 SET character_set_client = utf8 */;
CREATE TABLE `auth_group` (
  `id` int(11) NOT NULL AUTO_INCREMENT,
  `name` varchar(80) NOT NULL,
  PRIMARY KEY (`id`),
  UNIQUE KEY `name` (`name`)
) ENGINE=MyISAM DEFAULT CHARSET=utf8;
/*!40101 SET character_set_client = @saved_cs_client */;

--
-- Dumping data for table `auth_group`
--

LOCK TABLES `auth_group` WRITE;
/*!40000 ALTER TABLE `auth_group` DISABLE KEYS */;
/*!40000 ALTER TABLE `auth_group` ENABLE KEYS */;
UNLOCK TABLES;

--
-- Table structure for table `auth_group_permissions`
--

DROP TABLE IF EXISTS `auth_group_permissions`;
/*!40101 SET @saved_cs_client     = @@character_set_client */;
/*!40101 SET character_set_client = utf8 */;
CREATE TABLE `auth_group_permissions` (
  `id` int(11) NOT NULL AUTO_INCREMENT,
  `group_id` int(11) NOT NULL,
  `permission_id` int(11) NOT NULL,
  PRIMARY KEY (`id`),
  UNIQUE KEY `group_id` (`group_id`,`permission_id`),
  KEY `auth_group_permissions_425ae3c4` (`group_id`),
  KEY `auth_group_permissions_1e014c8f` (`permission_id`)
) ENGINE=MyISAM DEFAULT CHARSET=utf8;
/*!40101 SET character_set_client = @saved_cs_client */;

--
-- Dumping data for table `auth_group_permissions`
--

LOCK TABLES `auth_group_permissions` WRITE;
/*!40000 ALTER TABLE `auth_group_permissions` DISABLE KEYS */;
/*!40000 ALTER TABLE `auth_group_permissions` ENABLE KEYS */;
UNLOCK TABLES;

--
-- Table structure for table `auth_message`
--

DROP TABLE IF EXISTS `auth_message`;
/*!40101 SET @saved_cs_client     = @@character_set_client */;
/*!40101 SET character_set_client = utf8 */;
CREATE TABLE `auth_message` (
  `id` int(11) NOT NULL AUTO_INCREMENT,
  `user_id` int(11) NOT NULL,
  `message` longtext NOT NULL,
  PRIMARY KEY (`id`),
  KEY `auth_message_403f60f` (`user_id`)
) ENGINE=MyISAM DEFAULT CHARSET=utf8;
/*!40101 SET character_set_client = @saved_cs_client */;

--
-- Dumping data for table `auth_message`
--

LOCK TABLES `auth_message` WRITE;
/*!40000 ALTER TABLE `auth_message` DISABLE KEYS */;
/*!40000 ALTER TABLE `auth_message` ENABLE KEYS */;
UNLOCK TABLES;

--
-- Table structure for table `auth_permission`
--

DROP TABLE IF EXISTS `auth_permission`;
/*!40101 SET @saved_cs_client     = @@character_set_client */;
/*!40101 SET character_set_client = utf8 */;
CREATE TABLE `auth_permission` (
  `id` int(11) NOT NULL AUTO_INCREMENT,
  `name` varchar(50) NOT NULL,
  `content_type_id` int(11) NOT NULL,
  `codename` varchar(100) NOT NULL,
  PRIMARY KEY (`id`),
  UNIQUE KEY `content_type_id` (`content_type_id`,`codename`),
  KEY `auth_permission_1bb8f392` (`content_type_id`)
) ENGINE=MyISAM AUTO_INCREMENT=34 DEFAULT CHARSET=utf8;
/*!40101 SET character_set_client = @saved_cs_client */;

--
-- Dumping data for table `auth_permission`
--

LOCK TABLES `auth_permission` WRITE;
/*!40000 ALTER TABLE `auth_permission` DISABLE KEYS */;
INSERT INTO `auth_permission` VALUES (1,'Can add permission',1,'add_permission'),(2,'Can change permission',1,'change_permission'),(3,'Can delete permission',1,'delete_permission'),(4,'Can add group',2,'add_group'),(5,'Can change group',2,'change_group'),(6,'Can delete group',2,'delete_group'),(7,'Can add user',3,'add_user'),(8,'Can change user',3,'change_user'),(9,'Can delete user',3,'delete_user'),(10,'Can add message',4,'add_message'),(11,'Can change message',4,'change_message'),(12,'Can delete message',4,'delete_message'),(13,'Can add content type',5,'add_contenttype'),(14,'Can change content type',5,'change_contenttype'),(15,'Can delete content type',5,'delete_contenttype'),(16,'Can add session',6,'add_session'),(17,'Can change session',6,'change_session'),(18,'Can delete session',6,'delete_session'),(19,'Can add site',7,'add_site'),(20,'Can change site',7,'change_site'),(21,'Can delete site',7,'delete_site'),(22,'Can add candidate',8,'add_candidate'),(23,'Can change candidate',8,'change_candidate'),(24,'Can delete candidate',8,'delete_candidate'),(28,'Can add comment',10,'add_comment'),(29,'Can change comment',10,'change_comment'),(30,'Can delete comment',10,'delete_comment'),(31,'Can add votes',11,'add_votes'),(32,'Can change votes',11,'change_votes'),(33,'Can delete votes',11,'delete_votes');
/*!40000 ALTER TABLE `auth_permission` ENABLE KEYS */;
UNLOCK TABLES;

--
-- Table structure for table `auth_user`
--

DROP TABLE IF EXISTS `auth_user`;
/*!40101 SET @saved_cs_client     = @@character_set_client */;
/*!40101 SET character_set_client = utf8 */;
CREATE TABLE `auth_user` (
  `id` int(11) NOT NULL AUTO_INCREMENT,
  `username` varchar(30) NOT NULL,
  `first_name` varchar(30) NOT NULL,
  `last_name` varchar(30) NOT NULL,
  `email` varchar(75) NOT NULL,
  `password` varchar(128) NOT NULL,
  `is_staff` tinyint(1) NOT NULL,
  `is_active` tinyint(1) NOT NULL,
  `is_superuser` tinyint(1) NOT NULL,
  `last_login` datetime NOT NULL,
  `date_joined` datetime NOT NULL,
  PRIMARY KEY (`id`),
  UNIQUE KEY `username` (`username`)
) ENGINE=MyISAM AUTO_INCREMENT=8 DEFAULT CHARSET=utf8;
/*!40101 SET character_set_client = @saved_cs_client */;

--
-- Dumping data for table `auth_user`
--

LOCK TABLES `auth_user` WRITE;
/*!40000 ALTER TABLE `auth_user` DISABLE KEYS */;
INSERT INTO `auth_user` VALUES (1,'viti','','','vitiman@gmail.com','sha1$9c5bc$9ab6f3ad514a32c3036f5ac222bfc00fe6cb916e',1,1,1,'2012-02-17 12:59:44','2012-02-17 12:59:44'),(3,'lalala@gmail.com','','','lalala@gmail.com','sha1$e73a5$1459c6b63a821399b19dfc0afc3ded2d99e02b27',0,1,0,'2012-02-17 23:11:04','2012-02-17 14:21:30'),(4,'vvv@vvv.com','','','vvv@vvv.com','sha1$cb72c$f87f60c739298c1e6c4689fd8a4298c0cc8ccd69',0,1,0,'2012-02-18 01:41:51','2012-02-17 18:34:30'),(5,'vvvv@vvvv.com','','','vvvv@vvvv.com','sha1$1f34e$2896bc28dd93de5482f7ddc979b45d6964eb64db',0,1,0,'2012-02-17 18:36:48','2012-02-17 18:36:39'),(6,'vvvvv@vvvvv.com','','','vvvvv@vvvvv.com','sha1$41003$775567f48a092008e57c560b2a3fa499d4d856dd',0,1,0,'2012-02-17 18:42:43','2012-02-17 18:42:32'),(7,'pap@pap.com','','','pap@pap.com','sha1$f7017$64089c9a0d36e9cf3453cd20192b434be9356c95',0,1,0,'2012-02-17 19:57:08','2012-02-17 19:56:56');
/*!40000 ALTER TABLE `auth_user` ENABLE KEYS */;
UNLOCK TABLES;

--
-- Table structure for table `auth_user_groups`
--

DROP TABLE IF EXISTS `auth_user_groups`;
/*!40101 SET @saved_cs_client     = @@character_set_client */;
/*!40101 SET character_set_client = utf8 */;
CREATE TABLE `auth_user_groups` (
  `id` int(11) NOT NULL AUTO_INCREMENT,
  `user_id` int(11) NOT NULL,
  `group_id` int(11) NOT NULL,
  PRIMARY KEY (`id`),
  UNIQUE KEY `user_id` (`user_id`,`group_id`),
  KEY `auth_user_groups_403f60f` (`user_id`),
  KEY `auth_user_groups_425ae3c4` (`group_id`)
) ENGINE=MyISAM DEFAULT CHARSET=utf8;
/*!40101 SET character_set_client = @saved_cs_client */;

--
-- Dumping data for table `auth_user_groups`
--

LOCK TABLES `auth_user_groups` WRITE;
/*!40000 ALTER TABLE `auth_user_groups` DISABLE KEYS */;
/*!40000 ALTER TABLE `auth_user_groups` ENABLE KEYS */;
UNLOCK TABLES;

--
-- Table structure for table `auth_user_user_permissions`
--

DROP TABLE IF EXISTS `auth_user_user_permissions`;
/*!40101 SET @saved_cs_client     = @@character_set_client */;
/*!40101 SET character_set_client = utf8 */;
CREATE TABLE `auth_user_user_permissions` (
  `id` int(11) NOT NULL AUTO_INCREMENT,
  `user_id` int(11) NOT NULL,
  `permission_id` int(11) NOT NULL,
  PRIMARY KEY (`id`),
  UNIQUE KEY `user_id` (`user_id`,`permission_id`),
  KEY `auth_user_user_permissions_403f60f` (`user_id`),
  KEY `auth_user_user_permissions_1e014c8f` (`permission_id`)
) ENGINE=MyISAM DEFAULT CHARSET=utf8;
/*!40101 SET character_set_client = @saved_cs_client */;

--
-- Dumping data for table `auth_user_user_permissions`
--

LOCK TABLES `auth_user_user_permissions` WRITE;
/*!40000 ALTER TABLE `auth_user_user_permissions` DISABLE KEYS */;
/*!40000 ALTER TABLE `auth_user_user_permissions` ENABLE KEYS */;
UNLOCK TABLES;

--
-- Table structure for table `django_content_type`
--

DROP TABLE IF EXISTS `django_content_type`;
/*!40101 SET @saved_cs_client     = @@character_set_client */;
/*!40101 SET character_set_client = utf8 */;
CREATE TABLE `django_content_type` (
  `id` int(11) NOT NULL AUTO_INCREMENT,
  `name` varchar(100) NOT NULL,
  `app_label` varchar(100) NOT NULL,
  `model` varchar(100) NOT NULL,
  PRIMARY KEY (`id`),
  UNIQUE KEY `app_label` (`app_label`,`model`)
) ENGINE=MyISAM AUTO_INCREMENT=12 DEFAULT CHARSET=utf8;
/*!40101 SET character_set_client = @saved_cs_client */;

--
-- Dumping data for table `django_content_type`
--

LOCK TABLES `django_content_type` WRITE;
/*!40000 ALTER TABLE `django_content_type` DISABLE KEYS */;
INSERT INTO `django_content_type` VALUES (1,'permission','auth','permission'),(2,'group','auth','group'),(3,'user','auth','user'),(4,'message','auth','message'),(5,'content type','contenttypes','contenttype'),(6,'session','sessions','session'),(7,'site','sites','site'),(8,'candidate','elections','candidate'),(10,'comment','elections','comment'),(11,'votes','elections','votes');
/*!40000 ALTER TABLE `django_content_type` ENABLE KEYS */;
UNLOCK TABLES;

--
-- Table structure for table `django_session`
--

DROP TABLE IF EXISTS `django_session`;
/*!40101 SET @saved_cs_client     = @@character_set_client */;
/*!40101 SET character_set_client = utf8 */;
CREATE TABLE `django_session` (
  `session_key` varchar(40) NOT NULL,
  `session_data` longtext NOT NULL,
  `expire_date` datetime NOT NULL,
  PRIMARY KEY (`session_key`),
  KEY `django_session_3da3d3d8` (`expire_date`)
) ENGINE=MyISAM DEFAULT CHARSET=utf8;
/*!40101 SET character_set_client = @saved_cs_client */;

--
-- Dumping data for table `django_session`
--

LOCK TABLES `django_session` WRITE;
/*!40000 ALTER TABLE `django_session` DISABLE KEYS */;
INSERT INTO `django_session` VALUES ('972f8dca76d3ac7010b16b71f1fa0322','YTNlODRhMGE4NDA5YzVmMjVkMDljNTZiNjVkOTdmNDRmZGFhMDQ1YjqAAn1xAS4=\n','2012-03-02 18:49:42'),('250c4555a318c03d00ad0411ba6e5d59','YTNlODRhMGE4NDA5YzVmMjVkMDljNTZiNjVkOTdmNDRmZGFhMDQ1YjqAAn1xAS4=\n','2012-03-03 01:42:00'),('eacdfdae0ff4bbd666788671187a1b16','YTNlODRhMGE4NDA5YzVmMjVkMDljNTZiNjVkOTdmNDRmZGFhMDQ1YjqAAn1xAS4=\n','2012-03-03 01:45:57');
/*!40000 ALTER TABLE `django_session` ENABLE KEYS */;
UNLOCK TABLES;

--
-- Table structure for table `django_site`
--

DROP TABLE IF EXISTS `django_site`;
/*!40101 SET @saved_cs_client     = @@character_set_client */;
/*!40101 SET character_set_client = utf8 */;
CREATE TABLE `django_site` (
  `id` int(11) NOT NULL AUTO_INCREMENT,
  `domain` varchar(100) NOT NULL,
  `name` varchar(50) NOT NULL,
  PRIMARY KEY (`id`)
) ENGINE=MyISAM AUTO_INCREMENT=2 DEFAULT CHARSET=utf8;
/*!40101 SET character_set_client = @saved_cs_client */;

--
-- Dumping data for table `django_site`
--

LOCK TABLES `django_site` WRITE;
/*!40000 ALTER TABLE `django_site` DISABLE KEYS */;
INSERT INTO `django_site` VALUES (1,'example.com','example.com');
/*!40000 ALTER TABLE `django_site` ENABLE KEYS */;
UNLOCK TABLES;

--
-- Table structure for table `elections_candidate`
--

DROP TABLE IF EXISTS `elections_candidate`;
/*!40101 SET @saved_cs_client     = @@character_set_client */;
/*!40101 SET character_set_client = utf8 */;
CREATE TABLE `elections_candidate` (
  `id` int(11) NOT NULL AUTO_INCREMENT,
  `name` varchar(255) NOT NULL,
  `abbreviation` varchar(255) NOT NULL,
  `description` longtext NOT NULL,
  `image` varchar(200) NOT NULL,
  `user_id` int(11) NOT NULL,
  `published_at` datetime NOT NULL,
  PRIMARY KEY (`id`),
  UNIQUE KEY `user_id` (`user_id`)
) ENGINE=MyISAM AUTO_INCREMENT=7 DEFAULT CHARSET=utf8;
/*!40101 SET character_set_client = @saved_cs_client */;

--
-- Dumping data for table `elections_candidate`
--

LOCK TABLES `elections_candidate` WRITE;
/*!40000 ALTER TABLE `elections_candidate` DISABLE KEYS */;
INSERT INTO `elections_candidate` VALUES (2,'LOOOOL','LOOOOOOOOL','ewjfherofnhervjbntrbnerbntrij rinjipobj bnbnjgr bjpornbp grnbipbbingrb ngrbijngrbi ngrip ernbij nb','http://fc05.deviantart.net/fs71/i/2011/129/1/7/fluttershy_at_the_gala_by_shelltoontv-d3fzoui.png',3,'2012-02-17 16:39:00'),(3,'Doorouraeca','LOL','Zysae mohace sequpekyz taro fypookefruf foucechynodea muche thawoogudou booz pinicysoutu nuheakebixoo keasoofash frure gysihoudaem jeapechamoo doug poohuf foupougaesh tukeacyhish kipetepe thoo.','http://images1.wikia.nocookie.net/__cb20111116235011/callofduty/images/1/18/My_little_pony_friendship_is_magic_rarity.jpeg',4,'2012-02-17 18:35:26'),(4,'Veazabif','Tufoofa','Nilaegoury sapeadeape hithelougaek kubou koofeaduv seawisheadoo frouxufoucou fajoucucho gehadijedyla leakalilare paedymycae boumovog vafupaeni nith pookuboo nounumoug chuj cagecihuseb taku wadae besilef gylalibeab vaegumyjaki.','http://2.bp.blogspot.com/-RjEsO4aHFgI/TqcySaqJBMI/AAAAAAAAAR8/S2FixIB7l48/s1600/mlpfim-character-rainbowdash-large-570x402.jpg',5,'2012-02-17 18:38:43'),(5,'Joqudupo','Moukool','Xuzoo nisugy michoqevoo meazogish vitesocuqea hyc rakikiki qydekide susoshoco fygadyra pyfrooxigo nouveabak deatudigexut.','http://1.bp.blogspot.com/_MdD8lH4Rf9o/TSl-xQjSL3I/AAAAAAAABNA/47xOPdeyZJ8/s1600/mlpfim-character-pinkie-pie-large-570x402.jpg',6,'2012-02-17 18:43:31'),(6,'Notitofe','Xae','Syc frootenouz qeamith gof houb dejeso toogi dakubae.','http://images4.wikia.nocookie.net/__cb20101228202845/mlp/images/archive/8/86/20110730233446!Applejack.jpg',7,'2012-02-17 19:57:43');
/*!40000 ALTER TABLE `elections_candidate` ENABLE KEYS */;
UNLOCK TABLES;

--
-- Table structure for table `elections_comment`
--

DROP TABLE IF EXISTS `elections_comment`;
/*!40101 SET @saved_cs_client     = @@character_set_client */;
/*!40101 SET character_set_client = utf8 */;
CREATE TABLE `elections_comment` (
  `id` int(11) NOT NULL AUTO_INCREMENT,
  `candidate_id` int(11) NOT NULL,
  `name` varchar(255) NOT NULL,
  `text` longtext NOT NULL,
  PRIMARY KEY (`id`),
  KEY `elections_comment_6c1886de` (`candidate_id`)
) ENGINE=MyISAM DEFAULT CHARSET=utf8;
/*!40101 SET character_set_client = @saved_cs_client */;

--
-- Dumping data for table `elections_comment`
--

LOCK TABLES `elections_comment` WRITE;
/*!40000 ALTER TABLE `elections_comment` DISABLE KEYS */;
/*!40000 ALTER TABLE `elections_comment` ENABLE KEYS */;
UNLOCK TABLES;

--
-- Table structure for table `elections_votes`
--

DROP TABLE IF EXISTS `elections_votes`;
/*!40101 SET @saved_cs_client     = @@character_set_client */;
/*!40101 SET character_set_client = utf8 */;
CREATE TABLE `elections_votes` (
  `id` int(11) NOT NULL AUTO_INCREMENT,
  `candidate_id` int(11) NOT NULL,
  `stars` int(11) NOT NULL,
  `ip` varchar(255) NOT NULL,
  `voted_at` datetime NOT NULL,
  PRIMARY KEY (`id`),
  KEY `elections_votes_6c1886de` (`candidate_id`)
) ENGINE=MyISAM DEFAULT CHARSET=utf8;
/*!40101 SET character_set_client = @saved_cs_client */;

--
-- Dumping data for table `elections_votes`
--

LOCK TABLES `elections_votes` WRITE;
/*!40000 ALTER TABLE `elections_votes` DISABLE KEYS */;
/*!40000 ALTER TABLE `elections_votes` ENABLE KEYS */;
UNLOCK TABLES;
/*!40103 SET TIME_ZONE=@OLD_TIME_ZONE */;

/*!40101 SET SQL_MODE=@OLD_SQL_MODE */;
/*!40014 SET FOREIGN_KEY_CHECKS=@OLD_FOREIGN_KEY_CHECKS */;
/*!40014 SET UNIQUE_CHECKS=@OLD_UNIQUE_CHECKS */;
/*!40101 SET CHARACTER_SET_CLIENT=@OLD_CHARACTER_SET_CLIENT */;
/*!40101 SET CHARACTER_SET_RESULTS=@OLD_CHARACTER_SET_RESULTS */;
/*!40101 SET COLLATION_CONNECTION=@OLD_COLLATION_CONNECTION */;
/*!40111 SET SQL_NOTES=@OLD_SQL_NOTES */;

-- Dump completed on 2012-02-18 13:49:47
