-- MySQL dump 10.13  Distrib 5.5.16, for Linux (x86_64)
--
-- Host: localhost    Database: vitiman_hr_elec
-- ------------------------------------------------------
-- Server version	5.5.16

/*!40101 SET @OLD_CHARACTER_SET_CLIENT=@@CHARACTER_SET_CLIENT */;
/*!40101 SET @OLD_CHARACTER_SET_RESULTS=@@CHARACTER_SET_RESULTS */;
/*!40101 SET @OLD_COLLATION_CONNECTION=@@COLLATION_CONNECTION */;
/*!40101 SET NAMES utf8 */;
/*!40103 SET @OLD_TIME_ZONE=@@TIME_ZONE */;
/*!40103 SET TIME_ZONE='+00:00' */;
/*!40014 SET @OLD_UNIQUE_CHECKS=@@UNIQUE_CHECKS, UNIQUE_CHECKS=0 */;
/*!40014 SET @OLD_FOREIGN_KEY_CHECKS=@@FOREIGN_KEY_CHECKS, FOREIGN_KEY_CHECKS=0 */;
/*!40101 SET @OLD_SQL_MODE=@@SQL_MODE, SQL_MODE='NO_AUTO_VALUE_ON_ZERO' */;
/*!40111 SET @OLD_SQL_NOTES=@@SQL_NOTES, SQL_NOTES=0 */;

--
-- Table structure for table `auth_group`
--

DROP TABLE IF EXISTS `auth_group`;
/*!40101 SET @saved_cs_client     = @@character_set_client */;
/*!40101 SET character_set_client = utf8 */;
CREATE TABLE `auth_group` (
  `id` int(11) NOT NULL AUTO_INCREMENT,
  `name` varchar(80) NOT NULL,
  PRIMARY KEY (`id`),
  UNIQUE KEY `name` (`name`)
) ENGINE=MyISAM DEFAULT CHARSET=utf8;
/*!40101 SET character_set_client = @saved_cs_client */;

--
-- Dumping data for table `auth_group`
--

LOCK TABLES `auth_group` WRITE;
/*!40000 ALTER TABLE `auth_group` DISABLE KEYS */;
/*!40000 ALTER TABLE `auth_group` ENABLE KEYS */;
UNLOCK TABLES;

--
-- Table structure for table `auth_group_permissions`
--

DROP TABLE IF EXISTS `auth_group_permissions`;
/*!40101 SET @saved_cs_client     = @@character_set_client */;
/*!40101 SET character_set_client = utf8 */;
CREATE TABLE `auth_group_permissions` (
  `id` int(11) NOT NULL AUTO_INCREMENT,
  `group_id` int(11) NOT NULL,
  `permission_id` int(11) NOT NULL,
  PRIMARY KEY (`id`),
  UNIQUE KEY `group_id` (`group_id`,`permission_id`),
  KEY `auth_group_permissions_425ae3c4` (`group_id`),
  KEY `auth_group_permissions_1e014c8f` (`permission_id`)
) ENGINE=MyISAM DEFAULT CHARSET=utf8;
/*!40101 SET character_set_client = @saved_cs_client */;

--
-- Dumping data for table `auth_group_permissions`
--

LOCK TABLES `auth_group_permissions` WRITE;
/*!40000 ALTER TABLE `auth_group_permissions` DISABLE KEYS */;
/*!40000 ALTER TABLE `auth_group_permissions` ENABLE KEYS */;
UNLOCK TABLES;

--
-- Table structure for table `auth_message`
--

DROP TABLE IF EXISTS `auth_message`;
/*!40101 SET @saved_cs_client     = @@character_set_client */;
/*!40101 SET character_set_client = utf8 */;
CREATE TABLE `auth_message` (
  `id` int(11) NOT NULL AUTO_INCREMENT,
  `user_id` int(11) NOT NULL,
  `message` longtext NOT NULL,
  PRIMARY KEY (`id`),
  KEY `auth_message_403f60f` (`user_id`)
) ENGINE=MyISAM DEFAULT CHARSET=utf8;
/*!40101 SET character_set_client = @saved_cs_client */;

--
-- Dumping data for table `auth_message`
--

LOCK TABLES `auth_message` WRITE;
/*!40000 ALTER TABLE `auth_message` DISABLE KEYS */;
/*!40000 ALTER TABLE `auth_message` ENABLE KEYS */;
UNLOCK TABLES;

--
-- Table structure for table `auth_permission`
--

DROP TABLE IF EXISTS `auth_permission`;
/*!40101 SET @saved_cs_client     = @@character_set_client */;
/*!40101 SET character_set_client = utf8 */;
CREATE TABLE `auth_permission` (
  `id` int(11) NOT NULL AUTO_INCREMENT,
  `name` varchar(50) NOT NULL,
  `content_type_id` int(11) NOT NULL,
  `codename` varchar(100) NOT NULL,
  PRIMARY KEY (`id`),
  UNIQUE KEY `content_type_id` (`content_type_id`,`codename`),
  KEY `auth_permission_1bb8f392` (`content_type_id`)
) ENGINE=MyISAM AUTO_INCREMENT=34 DEFAULT CHARSET=utf8;
/*!40101 SET character_set_client = @saved_cs_client */;

--
-- Dumping data for table `auth_permission`
--

LOCK TABLES `auth_permission` WRITE;
/*!40000 ALTER TABLE `auth_permission` DISABLE KEYS */;
INSERT INTO `auth_permission` VALUES (1,'Can add permission',1,'add_permission'),(2,'Can change permission',1,'change_permission'),(3,'Can delete permission',1,'delete_permission'),(4,'Can add group',2,'add_group'),(5,'Can change group',2,'change_group'),(6,'Can delete group',2,'delete_group'),(7,'Can add user',3,'add_user'),(8,'Can change user',3,'change_user'),(9,'Can delete user',3,'delete_user'),(10,'Can add message',4,'add_message'),(11,'Can change message',4,'change_message'),(12,'Can delete message',4,'delete_message'),(13,'Can add content type',5,'add_contenttype'),(14,'Can change content type',5,'change_contenttype'),(15,'Can delete content type',5,'delete_contenttype'),(16,'Can add session',6,'add_session'),(17,'Can change session',6,'change_session'),(18,'Can delete session',6,'delete_session'),(19,'Can add site',7,'add_site'),(20,'Can change site',7,'change_site'),(21,'Can delete site',7,'delete_site'),(22,'Can add candidate',8,'add_candidate'),(23,'Can change candidate',8,'change_candidate'),(24,'Can delete candidate',8,'delete_candidate'),(28,'Can add comment',10,'add_comment'),(29,'Can change comment',10,'change_comment'),(30,'Can delete comment',10,'delete_comment'),(31,'Can add votes',11,'add_votes'),(32,'Can change votes',11,'change_votes'),(33,'Can delete votes',11,'delete_votes');
/*!40000 ALTER TABLE `auth_permission` ENABLE KEYS */;
UNLOCK TABLES;

--
-- Table structure for table `auth_user`
--

DROP TABLE IF EXISTS `auth_user`;
/*!40101 SET @saved_cs_client     = @@character_set_client */;
/*!40101 SET character_set_client = utf8 */;
CREATE TABLE `auth_user` (
  `id` int(11) NOT NULL AUTO_INCREMENT,
  `username` varchar(30) NOT NULL,
  `first_name` varchar(30) NOT NULL,
  `last_name` varchar(30) NOT NULL,
  `email` varchar(75) NOT NULL,
  `password` varchar(128) NOT NULL,
  `is_staff` tinyint(1) NOT NULL,
  `is_active` tinyint(1) NOT NULL,
  `is_superuser` tinyint(1) NOT NULL,
  `last_login` datetime NOT NULL,
  `date_joined` datetime NOT NULL,
  PRIMARY KEY (`id`),
  UNIQUE KEY `username` (`username`)
) ENGINE=MyISAM AUTO_INCREMENT=22 DEFAULT CHARSET=utf8;
/*!40101 SET character_set_client = @saved_cs_client */;

--
-- Dumping data for table `auth_user`
--

LOCK TABLES `auth_user` WRITE;
/*!40000 ALTER TABLE `auth_user` DISABLE KEYS */;
INSERT INTO `auth_user` VALUES (1,'viti','','','vitiman@gmail.com','sha1$9c5bc$9ab6f3ad514a32c3036f5ac222bfc00fe6cb916e',1,1,1,'2012-02-26 23:09:15','2012-02-17 12:59:44'),(17,'samuel_lopez2000@hotmail.com','','','samuel_lopez2000@hotmail.com','sha1$cd9ac$43a350d13ef99fe36a900064762c379e3971a1f3',0,1,0,'2012-02-27 14:56:27','2012-02-27 14:56:10'),(16,'samuellopez2000@gmail.com','','','samuellopez2000@gmail.com','sha1$a5cc5$03e29867aea8fa217bbf117e5f16aa30b80d7e2e',0,1,0,'2012-02-27 15:51:22','2012-02-27 14:19:39'),(15,'nuevo@candidato.com','','','nuevo@candidato.com','sha1$0f762$ccd46ecfca180c2f70c6bd57ae27b14427683d0a',0,1,0,'2012-02-27 13:51:05','2012-02-27 13:50:53'),(14,'peugeot@205.com','','','peugeot@205.com','sha1$e1faa$b93ddc58686a44fe5cd4776f915e02f1534e97dc',0,1,0,'2012-02-27 18:24:11','2012-02-27 10:34:51'),(13,'rubenrumu@gmail.com','','','rubenrumu@gmail.com','sha1$ddc83$082f82e648af0067fb4e15a463bd9a644396883b',0,1,0,'2012-02-27 12:01:17','2012-02-26 14:34:16'),(11,'test@test.com','','','test@test.com','sha1$489d4$0b1a241da6dc11cf9ee75dd494285a6251366736',0,1,0,'2012-02-27 20:48:45','2012-02-24 17:40:14'),(12,'fjkampu@gmail.com','','','fjkampu@gmail.com','sha1$06730$41cb60068276e3954c88c9836f6da25c9a333ea5',0,1,0,'2012-02-27 09:55:45','2012-02-24 20:22:54'),(18,'jeep@jeep.com','','','jeep@jeep.com','sha1$6fc1a$5f4e7111c07c14712f5aa0f4d2a9796c43b08bfe',0,1,0,'2012-02-27 18:22:17','2012-02-27 15:54:38'),(19,'alejandrosalameh@gmail.com','','','alejandrosalameh@gmail.com','sha1$6b9db$a79b56e8e33fdb2834a4f9be825d1a871fddeeee',0,1,0,'2012-02-28 09:37:54','2012-02-27 20:05:43'),(20,'chexpirit@gmail.com','','','chexpirit@gmail.com','sha1$ddaec$f2b22a3904a4fce97413747285e7b7f0d1781b88',0,1,0,'2012-02-28 12:03:54','2012-02-28 12:03:26'),(21,'incospan@hotmail.com','','','incospan@hotmail.com','sha1$c21df$364b53a49269b9cee70f4332575302a2393446dd',0,1,0,'2012-02-28 12:09:50','2012-02-28 12:09:34');
/*!40000 ALTER TABLE `auth_user` ENABLE KEYS */;
UNLOCK TABLES;

--
-- Table structure for table `auth_user_groups`
--

DROP TABLE IF EXISTS `auth_user_groups`;
/*!40101 SET @saved_cs_client     = @@character_set_client */;
/*!40101 SET character_set_client = utf8 */;
CREATE TABLE `auth_user_groups` (
  `id` int(11) NOT NULL AUTO_INCREMENT,
  `user_id` int(11) NOT NULL,
  `group_id` int(11) NOT NULL,
  PRIMARY KEY (`id`),
  UNIQUE KEY `user_id` (`user_id`,`group_id`),
  KEY `auth_user_groups_403f60f` (`user_id`),
  KEY `auth_user_groups_425ae3c4` (`group_id`)
) ENGINE=MyISAM DEFAULT CHARSET=utf8;
/*!40101 SET character_set_client = @saved_cs_client */;

--
-- Dumping data for table `auth_user_groups`
--

LOCK TABLES `auth_user_groups` WRITE;
/*!40000 ALTER TABLE `auth_user_groups` DISABLE KEYS */;
/*!40000 ALTER TABLE `auth_user_groups` ENABLE KEYS */;
UNLOCK TABLES;

--
-- Table structure for table `auth_user_user_permissions`
--

DROP TABLE IF EXISTS `auth_user_user_permissions`;
/*!40101 SET @saved_cs_client     = @@character_set_client */;
/*!40101 SET character_set_client = utf8 */;
CREATE TABLE `auth_user_user_permissions` (
  `id` int(11) NOT NULL AUTO_INCREMENT,
  `user_id` int(11) NOT NULL,
  `permission_id` int(11) NOT NULL,
  PRIMARY KEY (`id`),
  UNIQUE KEY `user_id` (`user_id`,`permission_id`),
  KEY `auth_user_user_permissions_403f60f` (`user_id`),
  KEY `auth_user_user_permissions_1e014c8f` (`permission_id`)
) ENGINE=MyISAM DEFAULT CHARSET=utf8;
/*!40101 SET character_set_client = @saved_cs_client */;

--
-- Dumping data for table `auth_user_user_permissions`
--

LOCK TABLES `auth_user_user_permissions` WRITE;
/*!40000 ALTER TABLE `auth_user_user_permissions` DISABLE KEYS */;
/*!40000 ALTER TABLE `auth_user_user_permissions` ENABLE KEYS */;
UNLOCK TABLES;

--
-- Table structure for table `django_content_type`
--

DROP TABLE IF EXISTS `django_content_type`;
/*!40101 SET @saved_cs_client     = @@character_set_client */;
/*!40101 SET character_set_client = utf8 */;
CREATE TABLE `django_content_type` (
  `id` int(11) NOT NULL AUTO_INCREMENT,
  `name` varchar(100) NOT NULL,
  `app_label` varchar(100) NOT NULL,
  `model` varchar(100) NOT NULL,
  PRIMARY KEY (`id`),
  UNIQUE KEY `app_label` (`app_label`,`model`)
) ENGINE=MyISAM AUTO_INCREMENT=12 DEFAULT CHARSET=utf8;
/*!40101 SET character_set_client = @saved_cs_client */;

--
-- Dumping data for table `django_content_type`
--

LOCK TABLES `django_content_type` WRITE;
/*!40000 ALTER TABLE `django_content_type` DISABLE KEYS */;
INSERT INTO `django_content_type` VALUES (1,'permission','auth','permission'),(2,'group','auth','group'),(3,'user','auth','user'),(4,'message','auth','message'),(5,'content type','contenttypes','contenttype'),(6,'session','sessions','session'),(7,'site','sites','site'),(8,'candidate','elections','candidate'),(10,'comment','elections','comment'),(11,'votes','elections','votes');
/*!40000 ALTER TABLE `django_content_type` ENABLE KEYS */;
UNLOCK TABLES;

--
-- Table structure for table `django_session`
--

DROP TABLE IF EXISTS `django_session`;
/*!40101 SET @saved_cs_client     = @@character_set_client */;
/*!40101 SET character_set_client = utf8 */;
CREATE TABLE `django_session` (
  `session_key` varchar(40) NOT NULL,
  `session_data` longtext NOT NULL,
  `expire_date` datetime NOT NULL,
  PRIMARY KEY (`session_key`),
  KEY `django_session_3da3d3d8` (`expire_date`)
) ENGINE=MyISAM DEFAULT CHARSET=utf8;
/*!40101 SET character_set_client = @saved_cs_client */;

--
-- Dumping data for table `django_session`
--

LOCK TABLES `django_session` WRITE;
/*!40000 ALTER TABLE `django_session` DISABLE KEYS */;
INSERT INTO `django_session` VALUES ('972f8dca76d3ac7010b16b71f1fa0322','YTNlODRhMGE4NDA5YzVmMjVkMDljNTZiNjVkOTdmNDRmZGFhMDQ1YjqAAn1xAS4=\n','2012-03-02 18:49:42'),('250c4555a318c03d00ad0411ba6e5d59','YTNlODRhMGE4NDA5YzVmMjVkMDljNTZiNjVkOTdmNDRmZGFhMDQ1YjqAAn1xAS4=\n','2012-03-03 01:42:00'),('2399526f37b2d1d8b49691d1133c9ef9','N2QzYzcwYjEwZDNiNWQ3NzlhNjYyZGI1NmUzZTdiNjg3OTVkZDRhYjqAAn1xAShVEl9hdXRoX3Vz\nZXJfYmFja2VuZHECVSlkamFuZ28uY29udHJpYi5hdXRoLmJhY2tlbmRzLk1vZGVsQmFja2VuZHED\nVQ1fYXV0aF91c2VyX2lkcQSKAQN1Lg==\n','2012-03-05 00:48:31'),('9701b9ca526b51dacb0b660946a21522','MzZkZjM0M2I1ZGFiNjQ2MjRlZjc3NWQ5NGFjZmRhMzA0ZTU1ZjBmYTqAAn1xAShVEl9hdXRoX3Vz\nZXJfYmFja2VuZHECVSlkamFuZ28uY29udHJpYi5hdXRoLmJhY2tlbmRzLk1vZGVsQmFja2VuZHED\nVQ1fYXV0aF91c2VyX2lkcQSKAQt1Lg==\n','2012-03-09 17:40:51'),('aa3fd4dfd0b168849f9aad9618adf5fa','MzZkZjM0M2I1ZGFiNjQ2MjRlZjc3NWQ5NGFjZmRhMzA0ZTU1ZjBmYTqAAn1xAShVEl9hdXRoX3Vz\nZXJfYmFja2VuZHECVSlkamFuZ28uY29udHJpYi5hdXRoLmJhY2tlbmRzLk1vZGVsQmFja2VuZHED\nVQ1fYXV0aF91c2VyX2lkcQSKAQt1Lg==\n','2012-03-09 20:04:54'),('7cd26b646807a200289f6bb64a93fa97','OWM2ZmVjZGE3MmVlMmJiMDI0OGM4ODJlZDllYzYwYjEwYjBlNjhiODqAAn1xAShVEl9hdXRoX3Vz\nZXJfYmFja2VuZHECVSlkamFuZ28uY29udHJpYi5hdXRoLmJhY2tlbmRzLk1vZGVsQmFja2VuZHED\nVQ1fYXV0aF91c2VyX2lkcQSKAQ91Lg==\n','2012-03-12 13:51:05'),('286ac28a192b294d412706d3dc920884','YWE4NzlkYWY0ODcwMDhiMmIyOGZjZmNmMTRlYmNhYzkyYzhjYzQ2ODqAAn1xAShVEl9hdXRoX3Vz\nZXJfYmFja2VuZHECVSlkamFuZ28uY29udHJpYi5hdXRoLmJhY2tlbmRzLk1vZGVsQmFja2VuZHED\nVQ1fYXV0aF91c2VyX2lkcQSKAQx1Lg==\n','2012-03-09 20:23:13'),('572fc191efab7b8eabf8932c9535dce3','OWQyYzhjZjhmMDA3MmNiYzRmMGM5ODM1NmMyZWNhOWU5Y2NiNjFjODqAAn1xAShVEl9hdXRoX3Vz\nZXJfYmFja2VuZHECVSlkamFuZ28uY29udHJpYi5hdXRoLmJhY2tlbmRzLk1vZGVsQmFja2VuZHED\nVQ1fYXV0aF91c2VyX2lkcQSKAQ11Lg==\n','2012-03-11 14:34:28'),('51e4a45c578233b8c83188517e880d7c','OWQyYzhjZjhmMDA3MmNiYzRmMGM5ODM1NmMyZWNhOWU5Y2NiNjFjODqAAn1xAShVEl9hdXRoX3Vz\nZXJfYmFja2VuZHECVSlkamFuZ28uY29udHJpYi5hdXRoLmJhY2tlbmRzLk1vZGVsQmFja2VuZHED\nVQ1fYXV0aF91c2VyX2lkcQSKAQ11Lg==\n','2012-03-12 11:57:02'),('0e0738be22d6eb94581ed796b2eeea2f','YWE4NzlkYWY0ODcwMDhiMmIyOGZjZmNmMTRlYmNhYzkyYzhjYzQ2ODqAAn1xAShVEl9hdXRoX3Vz\nZXJfYmFja2VuZHECVSlkamFuZ28uY29udHJpYi5hdXRoLmJhY2tlbmRzLk1vZGVsQmFja2VuZHED\nVQ1fYXV0aF91c2VyX2lkcQSKAQx1Lg==\n','2012-03-12 09:55:45'),('5136975ff829d7719e85b594ad833408','YTNlODRhMGE4NDA5YzVmMjVkMDljNTZiNjVkOTdmNDRmZGFhMDQ1YjqAAn1xAS4=\n','2012-03-12 15:52:32'),('d382ecd318e214f30c813c88a4fe5095','NTYzZDZiMDg3NThmNjc4MGMwNzI5OGE4MWZmY2EyNjg1NGYxNDg0MDqAAn1xAShVEl9hdXRoX3Vz\nZXJfYmFja2VuZHECVSlkamFuZ28uY29udHJpYi5hdXRoLmJhY2tlbmRzLk1vZGVsQmFja2VuZHED\nVQ1fYXV0aF91c2VyX2lkcQSKARJ1Lg==\n','2012-03-12 15:55:11'),('3dc511950854a1cd828647f84d3fcccb','YTNlODRhMGE4NDA5YzVmMjVkMDljNTZiNjVkOTdmNDRmZGFhMDQ1YjqAAn1xAS4=\n','2012-03-12 18:48:02'),('09b8203f41f1f0ec9d22053898815290','YWNkZDUwZWM5NjAzMzUzMTQ4NmU1YWIyOGEyNTdjZjgxYWZjNzVlMjqAAn1xAShVEl9hdXRoX3Vz\nZXJfYmFja2VuZHECVSlkamFuZ28uY29udHJpYi5hdXRoLmJhY2tlbmRzLk1vZGVsQmFja2VuZHED\nVQ1fYXV0aF91c2VyX2lkcQSKARN1Lg==\n','2012-03-12 20:06:00'),('5a481bd5d7d59c24d09541049f197092','OWQyYzhjZjhmMDA3MmNiYzRmMGM5ODM1NmMyZWNhOWU5Y2NiNjFjODqAAn1xAShVEl9hdXRoX3Vz\nZXJfYmFja2VuZHECVSlkamFuZ28uY29udHJpYi5hdXRoLmJhY2tlbmRzLk1vZGVsQmFja2VuZHED\nVQ1fYXV0aF91c2VyX2lkcQSKAQ11Lg==\n','2012-03-12 12:01:17'),('4426f1c3a489cecb9236f0cd3b4e7d4b','M2U1ZTkxNDliY2IyMzk1NDg2N2UxNzY2MDQxODBjZjhlODc0MzY5MDqAAn1xAShVEl9hdXRoX3Vz\nZXJfYmFja2VuZHECVSlkamFuZ28uY29udHJpYi5hdXRoLmJhY2tlbmRzLk1vZGVsQmFja2VuZHED\nVQ1fYXV0aF91c2VyX2lkcQSKARV1Lg==\n','2012-03-13 12:09:50'),('cb8f765fbf57267b500531e85bc0709a','YTNlODRhMGE4NDA5YzVmMjVkMDljNTZiNjVkOTdmNDRmZGFhMDQ1YjqAAn1xAS4=\n','2012-03-12 18:33:09'),('f50c12435167b51284bb387c20fc48fc','YTNlODRhMGE4NDA5YzVmMjVkMDljNTZiNjVkOTdmNDRmZGFhMDQ1YjqAAn1xAS4=\n','2012-03-12 20:52:52'),('c77d8e31709f2595e9519ef336717713','YWNkZDUwZWM5NjAzMzUzMTQ4NmU1YWIyOGEyNTdjZjgxYWZjNzVlMjqAAn1xAShVEl9hdXRoX3Vz\nZXJfYmFja2VuZHECVSlkamFuZ28uY29udHJpYi5hdXRoLmJhY2tlbmRzLk1vZGVsQmFja2VuZHED\nVQ1fYXV0aF91c2VyX2lkcQSKARN1Lg==\n','2012-03-13 09:37:54'),('7915dd088978eb53cd9497a9d2e42d53','YmQwYTU2ZWY3Y2ZlZDQyMjM4MzM4NzliYmZiMGQ0YzNiNDRkY2FkZDqAAn1xAShVEl9hdXRoX3Vz\nZXJfYmFja2VuZHECVSlkamFuZ28uY29udHJpYi5hdXRoLmJhY2tlbmRzLk1vZGVsQmFja2VuZHED\nVQ1fYXV0aF91c2VyX2lkcQSKARR1Lg==\n','2012-03-13 12:03:54');
/*!40000 ALTER TABLE `django_session` ENABLE KEYS */;
UNLOCK TABLES;

--
-- Table structure for table `django_site`
--

DROP TABLE IF EXISTS `django_site`;
/*!40101 SET @saved_cs_client     = @@character_set_client */;
/*!40101 SET character_set_client = utf8 */;
CREATE TABLE `django_site` (
  `id` int(11) NOT NULL AUTO_INCREMENT,
  `domain` varchar(100) NOT NULL,
  `name` varchar(50) NOT NULL,
  PRIMARY KEY (`id`)
) ENGINE=MyISAM AUTO_INCREMENT=2 DEFAULT CHARSET=utf8;
/*!40101 SET character_set_client = @saved_cs_client */;

--
-- Dumping data for table `django_site`
--

LOCK TABLES `django_site` WRITE;
/*!40000 ALTER TABLE `django_site` DISABLE KEYS */;
INSERT INTO `django_site` VALUES (1,'hermandadrobot.com','hermandadrobot.com');
/*!40000 ALTER TABLE `django_site` ENABLE KEYS */;
UNLOCK TABLES;

--
-- Table structure for table `elections_candidate`
--

DROP TABLE IF EXISTS `elections_candidate`;
/*!40101 SET @saved_cs_client     = @@character_set_client */;
/*!40101 SET character_set_client = utf8 */;
CREATE TABLE `elections_candidate` (
  `id` int(11) NOT NULL AUTO_INCREMENT,
  `name` varchar(255) NOT NULL,
  `abbreviation` varchar(255) NOT NULL,
  `description` longtext NOT NULL,
  `image` varchar(200) NOT NULL,
  `user_id` int(11) NOT NULL,
  `published_at` datetime NOT NULL,
  PRIMARY KEY (`id`),
  UNIQUE KEY `user_id` (`user_id`)
) ENGINE=MyISAM AUTO_INCREMENT=12 DEFAULT CHARSET=utf8;
/*!40101 SET character_set_client = @saved_cs_client */;

--
-- Dumping data for table `elections_candidate`
--

LOCK TABLES `elections_candidate` WRITE;
/*!40000 ALTER TABLE `elections_candidate` DISABLE KEYS */;
INSERT INTO `elections_candidate` VALUES (1,'Justiciero Sámuel ','JS','<p>Esto es una prueba para que veáis cómo va. Regístrate para publicar tu c<span style=\"font-size: 10pt; \">andidatura.</span></p>\r\n\r\n<p>Y puedes poner <b>texto en negrita</b></p>\r\n\r\n<ul>\r\n<li>Y una preciosa</li>\r\n<li>lista de cosas</li>\r\n</ul>\r\n\r\n<p>Al hacer login te aparecerá un enlace que dice <i>Publicar/Editar candidatura</i>. Ahí podrás poner:\r\n\r\n</p><ol>\r\n<li>El nombre de tu partido.</li>\r\n<li>Unas siglas representativas</li>\r\n<li>Una URL donde hayas subido una imagen relacionada con tu partido e ideales. Ya sabes, súbelo a Picasa, flickr, imageshack... el que tú quieras. Sólo tienes que poner el enlace</li>\r\n<li>Y el programa electoral, expláyate y muestra a la Hermandad qué pretendes conseguir.</li>\r\n</ol>\r\n\r\nE imágenes!<div>&nbsp;\r\n\r\n<img src=\"http://www.elpais.com/recorte/20070915elpepuage_6/XXLCO/Ies/Perro_Muchacho.jpg\"></div>','http://4.bp.blogspot.com/_yv1e5YUot1E/SYHLELaM4uI/AAAAAAAAUIc/P5NZ4GGYJT0/s400/2496695999_59c56f9550.jpg',11,'2012-02-21 20:34:24'),(2,'Partido para el Refuerzo de las Relaciones Humanas','PRRH','Cierto sector de la Nación Re:Guapera viene observando ciertas conductas preocupantes en nuestra sociedad. La cultura del gregarismo es tal que se están descuidando las relaciones más humanas, las más cálidas, las del \"tú a tú\".\r\n<br><br>\r\nSe ha perdido el quedar a tomar un café a solas para charlar como amigos. El \"¿qué tal te ha ido el día?\" ha ido dando paso a un grupo de veinte personas bailando WARP 1.9. No nos engañemos: si seguimos así, acabaremos bailando con dos docenas de pseudodesconocidos.\r\n<br><br>\r\nNo me malinterpreten, amigos. Está bien el sentimiento de pertenencia a un grupo. Crea sensación de seguridad, te arropa... ¡Pero estamos perdiendo la base de todo! Si reforzamos las relaciones personales entre los ciudadanos, reforzaremos el grupo en su conjunto. Tendremos un ReGuapos fuerte, unido, grande y libre.\r\n<br><br>\r\nEl PRRH tiene como finalidad instaurar lo siguiente:<br>\r\n1.- Cada semana se escogerá por mayoría a dos integrantes de ReGuapos y una actividad. Los integrantes elegidos deben realizar dicha actividad a solas durante esa semana, siempre que los límites temporales y/o geográficos se lo permitan. La finalidad es que dichos sujetos se conozcan un poco más, que estrechen su relación. Que aprendan, en definitiva, que detrás de esa persona con la que han pasado tantos buenos ratos en grupo, hay una faceta más íntima y que merece igualmente la pena conocer.\r\n<br><br>\r\nEjemplos:<br>\r\n- Rebeca y Bárbara tomando un café juntas y charlar de cómo les va todo durante no menos de dos horas.<br>\r\n- Yolanda y Pablol jugando una partida de ajedrez.<br>\r\n- Samuel y Pako jugando al Left 4 Dead en cooperativo durante una tarde.<br>\r\n- Maite y Maíllo salen a dar una agradable vuelta, paseando al perro de Sámer (a la mascota, no al vago de Sámer).<br>\r\n- Sotek y Diego quedan para intercambiar recetas de cocina y prepararlas juntos.<br>\r\n<br>\r\nComo alternativa se propone que los participantes y la actividad sean totalmente aleatorios. Por ejemplo, Saray y Dante podrían ir a cazar murciélagos.\r\n<br><br>\r\nTambién se propone que solo se elija a los participantes y que lleven a cabo dos actividades para acercar a cada uno al mundo del otro. Por ejemplo, Dante podría enseñar a Saray algún videojuego que crea que le puede gustar, mientras que Saray enseñaría a Dante a usar la Themomix. Respeto mutuo, conocimiento y autorrealización personal.\r\n<br><br>\r\n2.- Una vez elegida una persona, no podrá volver a elegirse al menos hasta pasadas cuatro semanas.<br>\r\n3.- Las personas escogidas deben estar capacitadas para llevar a cabo la actividad adjudicada. Así pues, no será válido que a una persona sin brazos se le inste a jugar al baloncesto.<br>\r\n4.- Durante las actividades, los miembros de ReGuapos participantes deberán lavarse obligatoriamente las manos después de hacer pipí, siempre que dispongan de ellas.\r\n<br><br>\r\nPara todo ello, el PRRH está dispuesto a pactar una coalición con cualquier otro partido que tenga las mismas inquietudes, siempre que incluya este bloque de puntos en su programa y se comprometa a cumplirlos, previo estudio de las solicitudes.','http://blueopossum.homestead.com/grumpy/1Out_20to_20Sea.jpg',13,'2012-02-26 14:42:05'),(4,'Partido Anti Súcubos (y otras cosas más)','P.A.S.','<h1 align=\"center\">¿HARTO DE SÚCUBOS QUE SE LLEVAN A TUS COLEGAS Y LES SUCCIONAN EL ALMA? </h1>\r\n<div align=\"center\"><br><img src=\"https://lh3.googleusercontent.com/2-sHuGckh_YgYljxa5u2XI2ZmiUXZW71l0QkOIaPCJ_eqxBNL-SyTMAYOSfmK3vfkr06tks_6oz5rTCuAVrS2oCZMP8cWm3nem1O7A3BiiMH8S7WnkQ\" height=\"284px;\" width=\"320px;\"><br><br><br><br></div>\r\n\r\n\r\n<h1 align=\"center\">¿QUIERES QUE VUELVA ALEX VADER?</h1>\r\n<div align=\"center\"><br><img src=\"https://lh6.googleusercontent.com/WioYJ0fZWOJukNoCkusda4OogfGdlBxoVH6RsChRbQMwayaT_c1WVKFtbMM5Fq3KgXtO9ZTBvNqT_EjGc4XT4UH9iqqU5_P4KS3Htz0gKpdlz0tsP1w\" height=\"180px;\" width=\"180px;\"><br><br><br><br><br></div>\r\n\r\n\r\n<h1 align=\"center\">¿TE GUSTAN LAS EXPLOSIONES?</h1>\r\n<div align=\"center\"><br><img style=\"width: 391px; height: 224px;\" src=\"https://lh6.googleusercontent.com/0D7YaNhmbbNFlywb8bxhMwipEEKPJd6PdcguzdDvxgq8bfnuCKGvwhuqTIKX-DFtShgXtExWYVCErU8NhZ7kqwghR48t715-DTayxnT3PuI24DWIVHI\"><br><br><br><br><br></div>\r\n\r\n\r\n<h1 align=\"center\">¿TE GUSTARÍA TENER UN PERRO RABIOSO QUE LE ARRANCARA LA CABEZA A QUIEN DÉ BAJÓN EN LAS FIESTAS?</h1>\r\n<div align=\"center\"><br><img style=\"width: 414px; height: 370px;\" src=\"https://lh4.googleusercontent.com/KwwMUokSAw_M6g-ZPNbWa_Oj_v84tG2mbsQdjBsMrtXOIBVoWFX8yTdDY8HoqTsL1EQqQ426vRaYWCs8V0Pancj3445bJhQzFOUYXkpCO58SWpJZZgE\"><br><br><br><br></div>\r\n\r\n\r\n<h1 align=\"center\">¡ESTE ES TU PARTIDO, JODER!</h1>\r\n<div align=\"center\"><br></div>\r\n<h1 align=\"center\">VOTA AL P.A.S.</h1>\r\n<div align=\"center\"><br></div>\r\n<h1 align=\"center\">PARTIDO ANTI SÚCUBOS (y otras cosas más)</h1>\r\n<div align=\"center\"><br></div>\r\n<h1 align=\"center\">Promovemos todo tipo de acciones en pro de la moloneidad y la anti sucubez.</h1>\r\n<div align=\"center\"><br>\r\nAdemás, si eres una niña o un niño de esos que le gustan los gatitos\r\n<br><img style=\"width: 389px; height: 276px;\" src=\"https://lh5.googleusercontent.com/iACav2l7nygy069vFvJH6D9o_TBzH6j05x9j0EMS-pk9t--sM_SdwA_D4zEOCAhUcGfxgURZWCP_1GH43JbMPmXpEkwXS68AASoc6W1uv8ksAL7mBvs\"><br>\r\nAhora también tienes sitio en el P.A.S. con nuestra nueva vertiente ideológica “Reinserciona un súcubo”.\r\n<br><br>\r\nPropondremos actividades de grupo donde el súcubo sea capaz de conocer mejor por sí sola a los colegas de su hombre. Si aún así decide seguir jodiendo, será víctima de LA MAZA.\r\n<br><img style=\"width: 410px; height: 273px;\" src=\"https://lh4.googleusercontent.com/_9Ycqz8_V6HmaVy4qvxMUnORwhbZSYDbr9nLTcO7YGVpDH0bnOmXGg0zjmteyA6OVVP4KcmpxxfesWeWJcDxHlpyHrxXquIVolFuovpobIIn3Hc629Y\"></div>\r\n\r\n\r\n','https://lh6.googleusercontent.com/-qgJkOgBdadI/T0tGW4aLF6I/AAAAAAAAAeU/RCS-eCDjmJc/s268/pablol.png',12,'2012-02-27 10:09:41'),(5,'Peugeot 205: Murcia - Belgrado','PG205','<p>\"Jubilarte\" me dijo el muy cabrón. A mis 10 años, él sólo era un niñato besacolumnas y 10 después... ¿ya andaba buscándome un marmolista?. \"Pero antes de ese momento, haremos un último viaje: un viaje a los Balcanes\". Y yo dudé, pues voy teniendo una edad. Del motor sólo se me oye la bronquitis, todo me tiembla a 120 km/h, y con el aire acondicionado me pasa lo que a muchos con el pelo: lo perdimos a mitad de los años 90. </p>\r\n<p>Pero lo hicimos. Más de 6000 km. Conduciendo miles de canciones, con invitados que no sé de dónde sacaba: un reparto de jóvenes aburridos de las guías <i>belgrade-in-2-days</i>, alocadas niñas bien con ansias de libertad, desemplados reconvertidos a la fe en el asfalto... entrando de noche en ciudades cuyo nombre teníamos que consultar en la prensa local al día siguiente, en una ruleta de aventuras de la que volvimos victoriosos&nbsp;apostándolo todo, siempre, al 205 rojo. </p><a href=\"http://postimage.org/\" target=\"_blank\"><img border=\"0\" alt=\"hippies low\" src=\"http://s7.postimage.org/f8cqr2igb/hippies_low.jpg\"></a>','http://s17.postimage.org/atum4872n/murcia_belgrado_low.jpg',14,'2012-02-27 10:36:57'),(6,'Desde Lorca con Rencor ','DLcR','VUESTRAS PROPUESTAS SON TAN ERRONEAS QUE ME OBLIGAIS A PRESENTAR MI CANDIDATURA, LÚSERS!!<br><br>Qué es eso de quedar para tomar un café? que es eso del día a día? que es eso de \"as novias de mis amigos me quitan a mis amigos\". A LLORAR A TU CASA!!!<br><br>El principal objetvo de esto no debe ser fomentar la amistad entre los miembros de la Hermandad. Que nos llevemos bien da igual. Si nos llevamos mal hay conflicto y es mas divertido y se aprende. Lo importante es que la gente sepa que si se va, LO VA A PAGAR.&nbsp; <br><br>Lo que hay que hacer es contratar a un detective privado (con el dinero de maíllo) y conseguir los horarios de Alex Vader y su domicilio. El primer día le dejariamos una cartulina con el logotipo de YouPorn y el texto \"conocemos todos tus secretos\". Poco despues encontraria una chapa de farlicas en su buzón. Unos dias mas tarde, de madrugada, pondríamos una d las canciones de jorge al estilo perro bajo su ventana a todo volumen.<br><br>y así hasta que se sienta vigilado las 24 horas. Así hasta que vuelva.<br><br>Votadme o morid.<br>','http://1.bp.blogspot.com/_KTgoR3cQrGg/SUlpxLsdTEI/AAAAAAAAAC4/NeW6dwDIl-E/s320/molotov.jpg',16,'2012-02-27 14:40:08'),(7,'Loren Party','LP','Hola, amigos y amigas. <br><br>Soy Lorenzo y lo digo abiertamente pues no tengo nada que esconder. Como todos sabéis, yo soy un hombre sencillo que valora las cosas buenas y sencillas de la vida como la amistad, la cerveza fría, los cachorros, los asientos con reposavasos, las dominadas y la diversión saludable y desenfadada al aire libre. También sabréis que yo no soy un pensador, soy un hombre de acción, y es por ello que no soy muy amigo de los grandes discursos. Así que sin más dilación, os dejo aquí mis propuestas para que, si os hacen pensar que nos convertirán en un grupo aún mejor (¡que ya es difícil!), me votéis. Gracias de antemano.<br><br><ol><li>Desterrar los comentarios machistas o misóginos.</li><li>Promover las salidas diurnas a espacios naturales (Valle Perdido, Salto del Usero, etc).</li><li>Promover la salud por medio del deporte.</li><li>Favorecer la tolerancia, el respeto y la igualdad en Re: Guapos.</li><li>Defender los valores de la democracia.</li><li>Promover el uso de acentos graciosos.</li><li>Evitar las descalificaciones gratuitas.</li><li>Crear un grupo de Whatsapp llamado \"Re: polvos\".</li></ol><p>Si fuera necesario estaría dispuesto a pactar con otro(s) partido(s), siempre que éste(éstos) no fomente(n) el odio ni sea(n) enemigo(s) de la democracia. Viendo los partidos que hay hasta el momento, solo podría pactar con el de las relaciones personales, con el de la galleta y con el del coche de Maíllo. <br></p><p><br></p><br>','http://a5.sphotos.ak.fbcdn.net/hphotos-ak-snc6/58634_1561047717222_1566184989_1346212_2337560_n.jpg',17,'2012-02-27 15:21:40'),(8,'Paseos con mi padre','PCMP','<p>Mi padre falleció hace unos meses. Pero tengo su recuerdo y el de aquel coche, un Jeep Wrangler.</p>\r\n<p>Mis mejores momentos con él, fueron cuando cuando aún era un niño y era verano. Descapotábamos el coche y paseábamos por la manga. Yo levantaba los brazos y mi padre subía la música, casi siempre, la de Leonard Cohen.</p>','http://s15.postimage.org/lw0m5ez0b/jeep_wrangler_rubicon.jpg',18,'2012-02-27 15:58:51'),(10,'PARTIDO CACHO BURRO','PCB','Hola querridos ciudadanos de la Hermandad Robot,\r\n<DIV><BR></DIV>\r\n<DIV>Mi parrtido sólo tiene un objetivo: LA CREACIÓN DE UN GENIO.</DIV>\r\n<DIV><BR></DIV>\r\n<DIV>Desde antaño, los grrandes equipos de la historria de la humanidad han entrado en algún momento en declive porque no han realizado un passover de manera corrrecta. Este equipo, esta hermandad, no se merrece esto, por ello mi partido va a luchar porque esto no se produzca.</DIV>\r\n<DIV><BR></DIV>\r\n<DIV>¿Qué pasará cuándo Jorge no esté?</DIV>\r\n<DIV><BR></DIV>\r\n<DIV><IMG src=\"https://fbcdn-sphotos-a.akamaihd.net/hphotos-ak-ash2/25991_1262278354818_1165477088_30709057_2786133_n.jpg\"></DIV>\r\n<DIV><BR></DIV>\r\n<DIV>¿Quién llenará ese vacío de gracia y despiporre que Jorge llenaba en nuestros corazones?</DIV>\r\n<DIV><BR></DIV>\r\n<DIV>¡Hay que ir pensando en quien lo sustituirá! ¡No podemos confiar en que el azar resolverá algo tan importante en nuestras vidas como es eso!</DIV>\r\n<DIV><BR></DIV>\r\n<DIV>Por ello, Partido Cacho&nbsp;Burro se presenta a estas elecciones con el único pero importantísimo objetivo de crear un genio.</DIV>\r\n<DIV><BR></DIV>\r\n<DIV>El candidato, no podía ser otro, nadie podría conseguir superar al Maestro Jorch: DIEGO, sobrino de Paqui (a partir de ahora DEIDAD):</DIV>\r\n<DIV><BR></DIV>\r\n<DIV><IMG src=\"https://fbcdn-sphotos-a.akamaihd.net/hphotos-ak-ash4/s720x720/404888_130647830388361_100003294352854_146378_1993534904_n.jpg\"></DIV>\r\n<DIV><BR></DIV>\r\n<DIV>Ahorra que estáis convencidos. Ahorra que veis la importancia de lo que os trato de explicar os paso a exponer algunos de las medidas que esta hermandad tomarrá parra la consecución de dicho objetivo, del objetivo más importante de nuestra vida, porqué no reconocerlo.</DIV>\r\n<DIV><BR></DIV>\r\n<DIV>Se realizarán las siguientes acciones:</DIV>\r\n<DIV><BR></DIV>\r\n<DIV>- DEIDAD vendrá a todas nuestras quedadas importantes para que absorba lo grande de cada uno. Vea el alma de este grupo y la tome como propia. En especial se intentarrá que mantenga el máximo contacto con su Maestro, ya sea vía skype o subvencionando viajes a chile con el dinerro de Maillo.</DIV>\r\n<DIV><BR></DIV>\r\n<DIV>- La hermandad serrá su familia. Las mujeres y Loren serán sus madres y los hombres sus padres. Exceptuando a Diego de Lorca, que, obviamente, será su tío.</DIV>\r\n<DIV><BR></DIV>\r\n<DIV>- Toda la hermandad, en presencia de DEIDAD, deberrá hablar con el acento que, actualmente, tiene DEIDAD porque no queremos que lo pierda escuchándonos hablar normal, ¿verdad? (Se puede ver en este mismo comunicado con las rr\'s dobles)</DIV>\r\n<DIV><BR></DIV>\r\n<DIV>Estas son algunas de las ideas que tenemos, desde el PCB, para que DEIDAD sea el más grande todos los tiempos. El nuevo chiquito, Juanito Navarro y Ozores juntos. Nuestra nueva referencia y que así, la Hermandad Robot, mantenga su explendor cuando ninguno de nosotros ya no estemos.</DIV>\r\n<DIV><BR></DIV>\r\n<DIV>Esperro vuestras aportaciones y vuestra confianza.</DIV>\r\n<DIV><BR></DIV>\r\n<DIV>Un abrazo.</DIV>\r\n<DIV><BR></DIV>\r\n<DIV>El Partido Cacho Burro.</DIV>','https://fbcdn-sphotos-a.akamaihd.net/hphotos-ak-ash4/225651_10150162377236447_649296446_7124944_317678_n.jpg',19,'2012-02-27 20:52:04'),(11,'Pako&Sam','PIS','Mi partido tiene una propuesta única. Si ganamos, haremos la máxima presión posible para que Pako y Samuel se den un pico delante de todo Re: Guapos.<br>Estoy abierto a negociaciones.<br>El resto de labores gobernativas serán derogadas a alguno de los partidos que me apoye.<br>','http://sanchezdetoro.webcindario.com/brokeback06.jpg',21,'2012-02-28 12:13:57');
/*!40000 ALTER TABLE `elections_candidate` ENABLE KEYS */;
UNLOCK TABLES;

--
-- Table structure for table `elections_comment`
--

DROP TABLE IF EXISTS `elections_comment`;
/*!40101 SET @saved_cs_client     = @@character_set_client */;
/*!40101 SET character_set_client = utf8 */;
CREATE TABLE `elections_comment` (
  `id` int(11) NOT NULL AUTO_INCREMENT,
  `candidate_id` int(11) NOT NULL,
  `name` varchar(255) NOT NULL,
  `text` longtext NOT NULL,
  `published_at` datetime NOT NULL,
  `ip` varchar(255) NOT NULL,
  PRIMARY KEY (`id`)
) ENGINE=MyISAM AUTO_INCREMENT=51 DEFAULT CHARSET=utf8;
/*!40101 SET character_set_client = @saved_cs_client */;

--
-- Dumping data for table `elections_comment`
--

LOCK TABLES `elections_comment` WRITE;
/*!40000 ALTER TABLE `elections_comment` DISABLE KEYS */;
INSERT INTO `elections_comment` VALUES (1,1,'tepuedesquemar','el mejor justiciero justidiestro justicierto justifiero justimuero.','2012-02-24 17:43:39','84.79.233.116'),(2,1,'Siner','Por cierto, si subes el código a github dímelo y si quieres te echo una mano :)','2012-02-24 17:54:06','84.121.1.130'),(3,4,'Dios','Magnífico xD.','2012-02-27 10:11:08','87.222.143.251'),(4,2,'Sergiopero','La verdad es que no he leído aun los demás, pero el PRHH ha puesto el listón alto. Un discurso sobrio, cercano, sin grandilocuencias, y una apuesta fuerte por el reencuentro de las personas. Solo le faltaba haber escrito todo el programa en femenino.','2012-02-27 10:13:18','85.53.94.170'),(5,2,'Samercito','¡Me gusta! Empezad conmigo, quiero conocer a todas las chicas de la HR bien y creo que la mejor forma es que quede yo con todas a solas para practicar una actividad... no sé, por ejemplo... UNA ORGIA!!!','2012-02-27 10:41:30','84.124.149.203'),(6,2,'sary','Me gusta!! quiero que dante me enseñe algún juego! e ir en busca de los murciélagos pero sin cazarlos.','2012-02-27 11:12:56','85.53.94.170'),(7,2,'Pako','He de denunciar que un 33.3% de este programa electoral es mio.\r\n\r\nDe hecho lo más gracioso, lo de cazar murciélagos lo escribí YOO!!!!!','2012-02-27 11:54:33','155.54.205.72'),(8,1,'Pako','Qué Siner? Ya te has despertao?','2012-02-27 12:01:47','155.54.205.72'),(9,6,'Pako','Descubre tu identidad o te comerás una mierda.','2012-02-27 14:46:17','155.54.205.72'),(10,7,'Samuel','Vota a Loren. Él te votaría a ti.','2012-02-27 15:22:41','95.131.160.42'),(11,7,'Pako','Mi partido tiene una vertiente ideológica de fomentar la Reinserción del Súcubo (fomenta evitar el odio a los súcubos) y si me he presentado a las elecciones es que estoy a favor de la democracia. ¿Qué tienes entonces en contra de mi partido que no lo nombras?','2012-02-27 15:26:16','155.54.205.72'),(12,7,'elcochedeMaíllo','¡¡¡brrrruuummm bruuuuum brrrruuuummmm!!!','2012-02-27 15:33:56','195.55.166.178'),(13,7,'Samuel','Eso tendrías que hablarlo con Loren pero, la visión que das al pueblo llano es que nos quieres vender el mismo perro con distinto collar. Quieres salvar todo tu programa de odio basándote en una pequeña parecela de tu programa y eso no cuela. Pero vamos, que no soy yo quien debe decirte esto sino Loren.','2012-02-27 15:50:27','95.131.160.42'),(14,4,'Ateo','Lo mejor de tu partido es la foto de Pablol, que tiene mucha fuerza.','2012-02-27 15:54:24','95.131.160.42'),(15,7,'Ruf','¡Qué bien redactas, Loren!','2012-02-27 15:56:37','88.23.250.69'),(16,2,'Samuel','Mirad a Pako creando disputas y odio. ','2012-02-27 15:56:49','95.131.160.42'),(17,8,'elcochedeMaíllo','¡¡bruuuuuuuuuuuuuuuuuuuuum!!','2012-02-27 15:59:45','195.55.166.178'),(18,7,'Sergiopero','Me parece contradictorio la propuesta del grupo de Whatsapp con la ideología antimachista del partido. Ya que seguro que acaba teniendo una vertiente de hombres cosificando a las mujeres con las que hacen el amor.','2012-02-27 16:01:32','85.53.94.170'),(19,8,'Sergiopero','que dejen de poner mas partidos, esto esta decidido, aquí tenemos al ganador.','2012-02-27 16:02:35','85.53.94.170'),(20,8,'Pako','jajajajaja grandioso!','2012-02-27 16:03:26','155.54.205.72'),(21,7,'Pako','Sergio tiene razón. Menudo puñado de calumnias y sinsentidos que tiene este programa. Loren, despide al negro que te ha redactado esto.','2012-02-27 16:04:46','155.54.205.72'),(28,7,'Sergiopero','Pasa del PAS tiene gancho','2012-02-27 16:45:16','85.53.94.170'),(23,7,'Samuel','Sergio: el grupo Re: polvos está pensado para ser mixto y ensalzar las virtudes del acto amatorio. Cualquier otra visión que se salga de ahí, va en contra de nuestro partido.','2012-02-27 16:10:36','95.131.160.42'),(24,7,'Samuel','Pako: tu campaña de insidias y calumnias no hace más que dar la razón a los gritos populares: \"¡PASA DEL PAS!\". Fomentas el odio y la gente lo sabe.','2012-02-27 16:11:39','95.131.160.42'),(25,8,'Ruf','¡CÓPIER!','2012-02-27 16:12:22','88.23.250.69'),(27,6,'Samuel','Cómo no, Pako amenazando.','2012-02-27 16:13:01','95.131.160.42'),(29,7,'Loren','Gracias por los comentarios, amigos, tanto los constructivos como los pretenciosos. Me harán esforzarme en mejorar este nuestro gran partido.\r\nUn cálido abrazo.','2012-02-27 19:24:53','79.109.188.90'),(30,8,'Fiesta','Jajajajajaja Quién ha subido mi historia de prueba??? jajajajajaa','2012-02-27 19:36:36','88.25.200.144'),(31,7,'Fiesta','Debo reconocer que este partido me crea simpatía pero no veo acciones concretas, sólo intenciones, salvo en el apartado \"Re: Polvos\".\r\nVeo que intentas luchar contra el machismo a favor de salud, medio ambiente, tolerancia y acentos graciosos pero que acciones vas a tomar para conseguir dichos objetivos.\r\nNecesitamos más si quieres nuestro voto.\r\n\r\nUn saludo.','2012-02-27 19:45:29','88.25.200.144'),(32,5,'ElJeep','¡¡Bruuuuuuuummmmmm TÚ!!','2012-02-27 19:46:36','88.25.200.144'),(33,7,'Samuel','Se usarán todas las vías posibles dentro de las líneas del respeto, la tolerancia, la igualdad, el diálogo y la defensa de todos los valores de la democracia.','2012-02-27 20:24:58','95.131.160.42'),(34,10,'Samuel','¡Muy gracioso este partido! Me gusta :).\r\n\r\nPD: qué guapo sale Jorge en la foto.','2012-02-27 21:27:34','95.131.160.42'),(35,10,'eslaquer','Sintonizo bastante con este partido, la verdad.','2012-02-27 21:29:54','84.79.233.116'),(37,8,'Samuel','No se me ve la foto :(.','2012-02-27 21:54:37','95.131.160.42'),(38,10,'Pako','jajajja muy divertido! Pero era cacho burro, no cacho perro xD','2012-02-28 09:33:32','155.54.205.72'),(39,10,'PCB','¡Corregido! ¡Importante aporte! Gracias.','2012-02-28 09:39:52','193.147.143.23'),(40,7,'Pako','Vaya partido más vacío por dentro y vaya tongazo.','2012-02-28 09:42:16','155.54.205.72'),(41,7,'Anónimo','Vaya, Pako... parece que si un partido no habla de arrancar cabezas a aquellos que no se comportan como tú, ya está vacío por dentro. ¡Lo que está es vacío de odio! ¡Deberías tomar ejemplo del Loren Party!','2012-02-28 10:38:05','95.131.160.42'),(42,7,'Samuel','Vaya, Pako, parece que ese tal anónimo te ha puesto en tu sitio.','2012-02-28 10:38:22','95.131.160.42'),(43,7,'Pako','Lo siento anónimo, el debate está en re guapos. Nos vemos alli ;)','2012-02-28 11:04:04','155.54.205.72'),(44,11,'Ruf','Tu partido se complementa perfectamente con la filosofía PRRH. Pako y Sam podrían ser los dos individuos y darse un pico la actividad que os acercaría. Debemos entablar negociaciones.','2012-02-28 12:22:05','195.53.56.195'),(45,11,'Dios','Esto es una apuesta muuuy fuerte.','2012-02-28 12:29:17','87.222.143.251'),(46,11,'Pako','jajaja gracioso!','2012-02-28 12:31:33','155.54.205.72'),(47,11,'Pako','El PAS no tendría problema en pactar con el PIS. Ya he besado a otros miembros del grupo con erótico resultado.','2012-02-28 12:33:37','155.54.205.72'),(48,11,'Sergiopero','No se quien sera el cabeza de lista de este partido, pero desde luego tiene un gran director de campaña. Ha sabido ver el gran nicho de opinion del momento, auguro que dara mucha guerra','2012-02-28 12:33:41','85.53.94.170'),(49,11,'Pako','Nuestro pacto solucionaría todos los problemas de la Hermandad Robot en un PIS PAS!','2012-02-28 12:39:19','155.54.205.72');
/*!40000 ALTER TABLE `elections_comment` ENABLE KEYS */;
UNLOCK TABLES;

--
-- Table structure for table `elections_ranking`
--

DROP TABLE IF EXISTS `elections_ranking`;
/*!40101 SET @saved_cs_client     = @@character_set_client */;
/*!40101 SET character_set_client = utf8 */;
CREATE TABLE `elections_ranking` (
  `id` int(11) NOT NULL AUTO_INCREMENT,
  `candidate_id` int(11) NOT NULL,
  `stars` bigint(20) NOT NULL,
  `avg` double NOT NULL,
  `votes` bigint(20) NOT NULL,
  `avg_points` double NOT NULL,
  `votes_points` double NOT NULL,
  `published_at` datetime NOT NULL,
  `ranking` int(11) NOT NULL,
  PRIMARY KEY (`id`)
) ENGINE=MyISAM AUTO_INCREMENT=1353 DEFAULT CHARSET=utf8;
/*!40101 SET character_set_client = @saved_cs_client */;

--
-- Dumping data for table `elections_ranking`
--

LOCK TABLES `elections_ranking` WRITE;
/*!40000 ALTER TABLE `elections_ranking` DISABLE KEYS */;
INSERT INTO `elections_ranking` VALUES (1,1,16,4,4,5,3,'2012-02-26 22:12:49',1),(2,2,6,3,2,3.75,1.5,'2012-02-26 22:12:49',2),(3,1,6,3,2,5,3,'2012-02-26 22:14:18',1),(4,2,6,3,2,5,3,'2012-02-26 22:14:18',2),(5,2,6,3,2,5,3,'2012-02-26 22:14:46',1),(6,1,1,1,1,1.66666666666667,1.5,'2012-02-26 22:14:46',2),(7,2,6,3,2,5,3,'2012-02-26 22:20:01',1),(8,1,1,1,1,1.66666666666667,1.5,'2012-02-26 22:20:01',2),(9,2,6,3,2,5,3,'2012-02-26 22:30:01',1),(10,1,1,1,1,1.66666666666667,1.5,'2012-02-26 22:30:01',2),(11,2,14,3.5,4,5,3,'2012-02-26 22:40:02',1),(12,1,1,1,1,1.42857142857143,0.75,'2012-02-26 22:40:02',2),(13,2,14,3.5,4,5,3,'2012-02-26 22:50:02',1),(14,1,1,1,1,1.42857142857143,0.75,'2012-02-26 22:50:02',2),(15,2,14,3.5,4,5,3,'2012-02-26 23:00:02',1),(16,1,1,1,1,1.42857142857143,0.75,'2012-02-26 23:00:02',2),(17,2,14,3.5,4,5,3,'2012-02-26 23:10:02',1),(18,1,1,1,1,1.42857142857143,0.75,'2012-02-26 23:10:02',2),(19,2,14,3.5,4,5,3,'2012-02-26 23:20:01',1),(20,1,1,1,1,1.42857142857143,0.75,'2012-02-26 23:20:01',2),(21,2,14,3.5,4,5,3,'2012-02-26 23:30:02',1),(22,1,1,1,1,1.42857142857143,0.75,'2012-02-26 23:30:02',2),(23,2,14,3.5,4,5,3,'2012-02-26 23:40:02',1),(24,1,1,1,1,1.42857142857143,0.75,'2012-02-26 23:40:02',2),(25,2,14,3.5,4,5,3,'2012-02-26 23:50:01',1),(26,1,1,1,1,1.42857142857143,0.75,'2012-02-26 23:50:01',2),(27,2,14,3.5,4,5,3,'2012-02-27 00:00:02',1),(28,1,1,1,1,1.42857142857143,0.75,'2012-02-27 00:00:02',2),(29,2,14,3.5,4,5,3,'2012-02-27 00:10:02',1),(30,1,1,1,1,1.42857142857143,0.75,'2012-02-27 00:10:02',2),(31,2,14,3.5,4,5,3,'2012-02-27 00:20:01',1),(32,1,1,1,1,1.42857142857143,0.75,'2012-02-27 00:20:01',2),(33,2,14,3.5,4,5,3,'2012-02-27 00:30:02',1),(34,1,1,1,1,1.42857142857143,0.75,'2012-02-27 00:30:02',2),(35,2,14,3.5,4,5,3,'2012-02-27 00:40:02',1),(36,1,1,1,1,1.42857142857143,0.75,'2012-02-27 00:40:02',2),(37,2,14,3.5,4,5,3,'2012-02-27 00:50:02',1),(38,1,1,1,1,1.42857142857143,0.75,'2012-02-27 00:50:02',2),(39,2,14,3.5,4,5,3,'2012-02-27 01:00:01',1),(40,1,1,1,1,1.42857142857143,0.75,'2012-02-27 01:00:01',2),(41,2,14,3.5,4,5,3,'2012-02-27 01:10:01',1),(42,1,1,1,1,1.42857142857143,0.75,'2012-02-27 01:10:01',2),(43,2,14,3.5,4,5,3,'2012-02-27 01:20:02',1),(44,1,1,1,1,1.42857142857143,0.75,'2012-02-27 01:20:02',2),(45,2,14,3.5,4,5,3,'2012-02-27 01:30:01',1),(46,1,1,1,1,1.42857142857143,0.75,'2012-02-27 01:30:01',2),(47,2,14,3.5,4,5,3,'2012-02-27 01:40:01',1),(48,1,1,1,1,1.42857142857143,0.75,'2012-02-27 01:40:01',2),(49,2,14,3.5,4,5,3,'2012-02-27 01:50:01',1),(50,1,1,1,1,1.42857142857143,0.75,'2012-02-27 01:50:01',2),(51,2,14,3.5,4,5,3,'2012-02-27 02:00:02',1),(52,1,1,1,1,1.42857142857143,0.75,'2012-02-27 02:00:02',2),(53,2,14,3.5,4,5,3,'2012-02-27 02:10:01',1),(54,1,1,1,1,1.42857142857143,0.75,'2012-02-27 02:10:01',2),(55,2,14,3.5,4,5,3,'2012-02-27 02:20:01',1),(56,1,1,1,1,1.42857142857143,0.75,'2012-02-27 02:20:01',2),(57,2,14,3.5,4,5,3,'2012-02-27 02:30:02',1),(58,1,1,1,1,1.42857142857143,0.75,'2012-02-27 02:30:02',2),(59,2,14,3.5,4,5,3,'2012-02-27 02:40:01',1),(60,1,1,1,1,1.42857142857143,0.75,'2012-02-27 02:40:01',2),(61,2,14,3.5,4,5,3,'2012-02-27 02:50:02',1),(62,1,1,1,1,1.42857142857143,0.75,'2012-02-27 02:50:02',2),(63,2,17,2.83333333333333,6,5,3,'2012-02-27 03:00:02',1),(64,1,5,2.5,2,4.41176470588235,1,'2012-02-27 03:00:02',2),(65,2,17,2.83333333333333,6,5,3,'2012-02-27 03:10:02',1),(66,1,6,2,3,3.52941176470588,1.5,'2012-02-27 03:10:02',2),(67,2,17,2.83333333333333,6,5,3,'2012-02-27 03:20:02',1),(68,1,6,2,3,3.52941176470588,1.5,'2012-02-27 03:20:02',2),(69,2,17,2.83333333333333,6,5,3,'2012-02-27 03:30:01',1),(70,1,6,2,3,3.52941176470588,1.5,'2012-02-27 03:30:01',2),(71,2,17,2.83333333333333,6,5,3,'2012-02-27 03:40:01',1),(72,1,6,2,3,3.52941176470588,1.5,'2012-02-27 03:40:01',2),(73,2,17,2.83333333333333,6,5,3,'2012-02-27 03:50:01',1),(74,1,6,2,3,3.52941176470588,1.5,'2012-02-27 03:50:01',2),(75,2,17,2.83333333333333,6,5,3,'2012-02-27 04:00:01',1),(76,1,6,2,3,3.52941176470588,1.5,'2012-02-27 04:00:01',2),(77,2,17,2.83333333333333,6,5,3,'2012-02-27 04:10:02',1),(78,1,6,2,3,3.52941176470588,1.5,'2012-02-27 04:10:02',2),(79,2,17,2.83333333333333,6,5,3,'2012-02-27 04:20:02',1),(80,1,6,2,3,3.52941176470588,1.5,'2012-02-27 04:20:02',2),(81,2,17,2.83333333333333,6,5,3,'2012-02-27 04:30:02',1),(82,1,6,2,3,3.52941176470588,1.5,'2012-02-27 04:30:02',2),(83,2,17,2.83333333333333,6,5,3,'2012-02-27 04:40:01',1),(84,1,6,2,3,3.52941176470588,1.5,'2012-02-27 04:40:01',2),(85,2,17,2.83333333333333,6,5,3,'2012-02-27 04:50:02',1),(86,1,6,2,3,3.52941176470588,1.5,'2012-02-27 04:50:02',2),(87,2,17,2.83333333333333,6,5,3,'2012-02-27 05:00:02',1),(88,1,6,2,3,3.52941176470588,1.5,'2012-02-27 05:00:02',2),(89,2,17,2.83333333333333,6,5,3,'2012-02-27 05:10:01',1),(90,1,6,2,3,3.52941176470588,1.5,'2012-02-27 05:10:01',2),(91,2,17,2.83333333333333,6,5,3,'2012-02-27 05:20:02',1),(92,1,6,2,3,3.52941176470588,1.5,'2012-02-27 05:20:02',2),(93,2,17,2.83333333333333,6,5,3,'2012-02-27 05:30:02',1),(94,1,6,2,3,3.52941176470588,1.5,'2012-02-27 05:30:02',2),(95,2,17,2.83333333333333,6,5,3,'2012-02-27 05:40:02',1),(96,1,6,2,3,3.52941176470588,1.5,'2012-02-27 05:40:02',2),(97,2,17,2.83333333333333,6,5,3,'2012-02-27 05:50:01',1),(98,1,6,2,3,3.52941176470588,1.5,'2012-02-27 05:50:01',2),(99,2,17,2.83333333333333,6,5,3,'2012-02-27 06:00:02',1),(100,1,6,2,3,3.52941176470588,1.5,'2012-02-27 06:00:02',2),(101,2,17,2.83333333333333,6,5,3,'2012-02-27 06:10:01',1),(102,1,6,2,3,3.52941176470588,1.5,'2012-02-27 06:10:01',2),(103,2,17,2.83333333333333,6,5,3,'2012-02-27 06:20:02',1),(104,1,6,2,3,3.52941176470588,1.5,'2012-02-27 06:20:02',2),(105,2,17,2.83333333333333,6,5,3,'2012-02-27 06:30:01',1),(106,1,6,2,3,3.52941176470588,1.5,'2012-02-27 06:30:01',2),(107,2,17,2.83333333333333,6,5,3,'2012-02-27 06:40:02',1),(108,1,6,2,3,3.52941176470588,1.5,'2012-02-27 06:40:02',2),(109,2,17,2.83333333333333,6,5,3,'2012-02-27 06:50:02',1),(110,1,6,2,3,3.52941176470588,1.5,'2012-02-27 06:50:02',2),(111,2,17,2.83333333333333,6,5,3,'2012-02-27 07:00:02',1),(112,1,6,2,3,3.52941176470588,1.5,'2012-02-27 07:00:02',2),(113,2,17,2.83333333333333,6,5,3,'2012-02-27 07:10:02',1),(114,1,6,2,3,3.52941176470588,1.5,'2012-02-27 07:10:02',2),(115,2,17,2.83333333333333,6,5,3,'2012-02-27 07:20:01',1),(116,1,6,2,3,3.52941176470588,1.5,'2012-02-27 07:20:01',2),(117,2,17,2.83333333333333,6,5,3,'2012-02-27 07:30:02',1),(118,1,6,2,3,3.52941176470588,1.5,'2012-02-27 07:30:02',2),(119,2,17,2.83333333333333,6,5,3,'2012-02-27 07:40:02',1),(120,1,6,2,3,3.52941176470588,1.5,'2012-02-27 07:40:02',2),(121,2,17,2.83333333333333,6,5,3,'2012-02-27 07:50:01',1),(122,1,6,2,3,3.52941176470588,1.5,'2012-02-27 07:50:01',2),(123,2,17,2.83333333333333,6,5,3,'2012-02-27 08:00:01',1),(124,1,6,2,3,3.52941176470588,1.5,'2012-02-27 08:00:01',2),(125,2,22,3.14285714285714,7,5,3,'2012-02-27 08:10:01',1),(126,1,6,2,3,3.18181818181818,1.28571428571429,'2012-02-27 08:10:01',2),(127,2,22,3.14285714285714,7,5,3,'2012-02-27 08:20:02',1),(128,1,6,2,3,3.18181818181818,1.28571428571429,'2012-02-27 08:20:02',2),(129,2,22,3.14285714285714,7,5,3,'2012-02-27 08:30:02',1),(130,1,6,2,3,3.18181818181818,1.28571428571429,'2012-02-27 08:30:02',2),(131,2,22,3.14285714285714,7,5,3,'2012-02-27 08:40:02',1),(132,1,6,2,3,3.18181818181818,1.28571428571429,'2012-02-27 08:40:02',2),(133,2,22,3.14285714285714,7,5,3,'2012-02-27 08:50:02',1),(134,1,6,2,3,3.18181818181818,1.28571428571429,'2012-02-27 08:50:02',2),(135,2,22,3.14285714285714,7,5,3,'2012-02-27 09:00:02',1),(136,1,6,2,3,3.18181818181818,1.28571428571429,'2012-02-27 09:00:02',2),(137,2,22,3.14285714285714,7,5,3,'2012-02-27 09:10:02',1),(138,1,6,2,3,3.18181818181818,1.28571428571429,'2012-02-27 09:10:02',2),(139,2,22,3.14285714285714,7,5,3,'2012-02-27 09:20:01',1),(140,1,6,2,3,3.18181818181818,1.28571428571429,'2012-02-27 09:20:01',2),(141,2,22,3.14285714285714,7,5,3,'2012-02-27 09:30:02',1),(142,1,6,2,3,3.18181818181818,1.28571428571429,'2012-02-27 09:30:02',2),(143,2,22,3.14285714285714,7,5,3,'2012-02-27 09:40:02',1),(144,1,6,2,3,3.18181818181818,1.28571428571429,'2012-02-27 09:40:02',2),(145,2,22,3.14285714285714,7,5,3,'2012-02-27 09:50:02',1),(146,1,6,2,3,3.18181818181818,1.28571428571429,'2012-02-27 09:50:02',2),(147,2,23,2.875,8,5,3,'2012-02-27 10:00:01',1),(148,1,7,1.75,4,3.04347826086957,1.5,'2012-02-27 10:00:01',2),(149,2,27,3,9,5,3,'2012-02-27 10:10:01',1),(150,1,12,2.4,5,4,1.66666666666667,'2012-02-27 10:10:01',2),(151,4,0,0,0,0,0,'2012-02-27 10:10:01',3),(152,2,27,3,9,3,3,'2012-02-27 10:20:01',1),(153,4,10,5,2,5,0.666666666666667,'2012-02-27 10:20:01',2),(154,1,12,2.4,5,2.4,1.66666666666667,'2012-02-27 10:20:01',3),(155,2,37,3.36363636363636,11,3.36363636363636,3,'2012-02-27 10:30:01',1),(156,4,15,5,3,5,0.818181818181818,'2012-02-27 10:30:01',2),(157,1,22,3.14285714285714,7,3.14285714285714,1.90909090909091,'2012-02-27 10:30:01',3),(158,2,38,3.16666666666667,12,3.16666666666667,3,'2012-02-27 10:40:01',1),(159,5,10,5,2,5,0.5,'2012-02-27 10:40:01',2),(160,1,27,3.375,8,3.375,2,'2012-02-27 10:40:01',3),(161,4,16,4,4,4,1,'2012-02-27 10:40:01',4),(162,1,37,3.7,10,3.7,2.5,'2012-02-27 10:50:02',1),(163,2,38,3.16666666666667,12,3.16666666666667,3,'2012-02-27 10:50:02',2),(164,5,20,5,4,5,1,'2012-02-27 10:50:02',3),(165,4,23,3.83333333333333,6,3.83333333333333,1.5,'2012-02-27 10:50:02',4),(166,1,37,3.7,10,3.7,2.5,'2012-02-27 11:00:01',1),(167,2,38,3.16666666666667,12,3.16666666666667,3,'2012-02-27 11:00:01',2),(168,5,20,5,4,5,1,'2012-02-27 11:00:01',3),(169,4,23,3.83333333333333,6,3.83333333333333,1.5,'2012-02-27 11:00:01',4),(170,1,37,3.7,10,4.26923076923077,2.5,'2012-02-27 11:10:02',1),(171,2,38,3.16666666666667,12,3.65384615384615,3,'2012-02-27 11:10:02',2),(172,5,26,4.33333333333333,6,5,1.5,'2012-02-27 11:10:02',3),(173,4,23,3.83333333333333,6,4.42307692307692,1.5,'2012-02-27 11:10:02',4),(174,1,37,3.7,10,4.26923076923077,2.5,'2012-02-27 11:20:02',1),(175,2,38,3.16666666666667,12,3.65384615384615,3,'2012-02-27 11:20:02',2),(176,5,26,4.33333333333333,6,5,1.5,'2012-02-27 11:20:02',3),(177,4,23,3.83333333333333,6,4.42307692307692,1.5,'2012-02-27 11:20:02',4),(178,1,37,3.7,10,4.26923076923077,2.5,'2012-02-27 11:30:02',1),(179,2,38,3.16666666666667,12,3.65384615384615,3,'2012-02-27 11:30:02',2),(180,5,26,4.33333333333333,6,5,1.5,'2012-02-27 11:30:02',3),(181,4,23,3.83333333333333,6,4.42307692307692,1.5,'2012-02-27 11:30:02',4),(182,4,38,4.22222222222222,9,4.87179487179487,2.25,'2012-02-27 11:40:01',1),(183,1,37,3.7,10,4.26923076923077,2.5,'2012-02-27 11:40:01',2),(184,2,38,3.16666666666667,12,3.65384615384615,3,'2012-02-27 11:40:01',3),(185,5,26,4.33333333333333,6,5,1.5,'2012-02-27 11:40:01',4),(186,2,68,3.77777777777778,18,4.23371647509579,3,'2012-02-27 11:50:01',1),(187,4,58,4.46153846153846,13,5,2.16666666666667,'2012-02-27 11:50:01',2),(188,5,26,4.33333333333333,6,4.85632183908046,1,'2012-02-27 11:50:01',3),(189,1,37,3.7,10,4.14655172413793,1.66666666666667,'2012-02-27 11:50:01',4),(190,2,83,3.95238095238095,21,4.42939244663383,3,'2012-02-27 12:00:02',1),(191,4,58,4.46153846153846,13,5,1.85714285714286,'2012-02-27 12:00:02',2),(192,5,26,4.33333333333333,6,4.85632183908046,0.857142857142857,'2012-02-27 12:00:02',3),(193,1,37,3.7,10,4.14655172413793,1.42857142857143,'2012-02-27 12:00:02',4),(194,2,83,3.95238095238095,21,4.35924369747899,3,'2012-02-27 12:10:01',1),(195,4,68,4.53333333333333,15,5,2.14285714285714,'2012-02-27 12:10:01',2),(196,5,26,4.33333333333333,6,4.77941176470588,0.857142857142857,'2012-02-27 12:10:01',3),(197,1,37,3.7,10,4.08088235294118,1.42857142857143,'2012-02-27 12:10:01',4),(198,2,86,3.90909090909091,22,4.31149732620321,3,'2012-02-27 12:20:01',1),(199,4,68,4.53333333333333,15,5,2.04545454545455,'2012-02-27 12:20:01',2),(200,5,31,4.42857142857143,7,4.88445378151261,0.954545454545455,'2012-02-27 12:20:01',3),(201,1,37,3.7,10,4.08088235294118,1.36363636363636,'2012-02-27 12:20:01',4),(202,2,91,3.95652173913043,23,4.31159420289855,3,'2012-02-27 12:30:01',1),(203,4,78,4.58823529411765,17,5,2.21739130434783,'2012-02-27 12:30:01',2),(204,5,31,4.42857142857143,7,4.82600732600733,0.91304347826087,'2012-02-27 12:30:01',3),(205,1,37,3.7,10,4.03205128205128,1.30434782608696,'2012-02-27 12:30:01',4),(206,2,96,4,24,4.35897435897436,3,'2012-02-27 12:40:01',1),(207,4,78,4.58823529411765,17,5,2.125,'2012-02-27 12:40:01',2),(208,5,31,4.42857142857143,7,4.82600732600733,0.875,'2012-02-27 12:40:01',3),(209,1,37,3.7,10,4.03205128205128,1.25,'2012-02-27 12:40:01',4),(210,2,96,4,24,4.33734939759036,3,'2012-02-27 12:50:01',1),(211,4,83,4.61111111111111,18,5,2.25,'2012-02-27 12:50:01',2),(212,5,31,4.42857142857143,7,4.80206540447504,0.875,'2012-02-27 12:50:01',3),(213,1,37,3.7,10,4.01204819277108,1.25,'2012-02-27 12:50:01',4),(214,2,96,4,24,4.33734939759036,3,'2012-02-27 13:00:01',1),(215,4,83,4.61111111111111,18,5,2.25,'2012-02-27 13:00:01',2),(216,5,31,4.42857142857143,7,4.80206540447504,0.875,'2012-02-27 13:00:01',3),(217,1,37,3.7,10,4.01204819277108,1.25,'2012-02-27 13:00:01',4),(218,2,96,4,24,4.33734939759036,3,'2012-02-27 13:10:01',1),(219,4,83,4.61111111111111,18,5,2.25,'2012-02-27 13:10:01',2),(220,5,31,4.42857142857143,7,4.80206540447504,0.875,'2012-02-27 13:10:01',3),(221,1,37,3.7,10,4.01204819277108,1.25,'2012-02-27 13:10:01',4),(222,2,96,4,24,4.33734939759036,3,'2012-02-27 13:20:02',1),(223,4,83,4.61111111111111,18,5,2.25,'2012-02-27 13:20:02',2),(224,5,31,4.42857142857143,7,4.80206540447504,0.875,'2012-02-27 13:20:02',3),(225,1,37,3.7,10,4.01204819277108,1.25,'2012-02-27 13:20:02',4),(226,4,93,4.65,20,5,2.5,'2012-02-27 13:30:02',1),(227,2,96,4,24,4.3010752688172,3,'2012-02-27 13:30:02',2),(228,5,31,4.42857142857143,7,4.76190476190476,0.875,'2012-02-27 13:30:02',3),(229,1,37,3.7,10,3.97849462365591,1.25,'2012-02-27 13:30:02',4),(230,4,93,4.65,20,5,2.5,'2012-02-27 13:40:01',1),(231,2,96,4,24,4.3010752688172,3,'2012-02-27 13:40:01',2),(232,5,31,4.42857142857143,7,4.76190476190476,0.875,'2012-02-27 13:40:01',3),(233,1,42,3.81818181818182,11,4.10557184750733,1.375,'2012-02-27 13:40:01',4),(234,4,108,4.69565217391304,23,5,2.76,'2012-02-27 13:50:01',1),(235,2,101,4.04,25,4.30185185185185,3,'2012-02-27 13:50:01',2),(236,5,31,4.42857142857143,7,4.71560846560847,0.84,'2012-02-27 13:50:01',3),(237,1,42,3.81818181818182,11,4.06565656565657,1.32,'2012-02-27 13:50:01',4),(238,4,108,4.69565217391304,23,5,2.76,'2012-02-27 14:00:02',1),(239,2,101,4.04,25,4.30185185185185,3,'2012-02-27 14:00:02',2),(240,5,31,4.42857142857143,7,4.71560846560847,0.84,'2012-02-27 14:00:02',3),(241,1,42,3.81818181818182,11,4.06565656565657,1.32,'2012-02-27 14:00:02',4),(242,4,108,4.69565217391304,23,5,2.76,'2012-02-27 14:10:02',1),(243,2,101,4.04,25,4.30185185185185,3,'2012-02-27 14:10:02',2),(244,5,31,4.42857142857143,7,4.71560846560847,0.84,'2012-02-27 14:10:02',3),(245,1,42,3.81818181818182,11,4.06565656565657,1.32,'2012-02-27 14:10:02',4),(246,4,108,4.69565217391304,23,5,2.76,'2012-02-27 14:20:03',1),(247,2,101,4.04,25,4.30185185185185,3,'2012-02-27 14:20:03',2),(248,5,31,4.42857142857143,7,4.71560846560847,0.84,'2012-02-27 14:20:03',3),(249,1,42,3.81818181818182,11,4.06565656565657,1.32,'2012-02-27 14:20:03',4),(250,4,108,4.69565217391304,23,5,2.76,'2012-02-27 14:30:01',1),(251,2,101,4.04,25,4.30185185185185,3,'2012-02-27 14:30:01',2),(252,5,31,4.42857142857143,7,4.71560846560847,0.84,'2012-02-27 14:30:01',3),(253,1,42,3.81818181818182,11,4.06565656565657,1.32,'2012-02-27 14:30:01',4),(254,4,108,4.69565217391304,23,5,2.76,'2012-02-27 14:40:02',1),(255,2,101,4.04,25,4.30185185185185,3,'2012-02-27 14:40:02',2),(256,5,31,4.42857142857143,7,4.71560846560847,0.84,'2012-02-27 14:40:02',3),(257,1,42,3.81818181818182,11,4.06565656565657,1.32,'2012-02-27 14:40:02',4),(258,4,114,4.56,25,4.56,2.88461538461538,'2012-02-27 14:50:01',1),(259,2,102,3.92307692307692,26,3.92307692307692,3,'2012-02-27 14:50:01',2),(260,6,10,5,2,5,0.230769230769231,'2012-02-27 14:50:01',3),(261,1,43,3.58333333333333,12,3.58333333333333,1.38461538461538,'2012-02-27 14:50:01',4),(262,5,32,4,8,4,0.923076923076923,'2012-02-27 14:50:01',5),(263,4,114,4.56,25,5,2.88461538461538,'2012-02-27 15:00:01',1),(264,2,102,3.92307692307692,26,4.30161943319838,3,'2012-02-27 15:00:01',2),(265,1,43,3.58333333333333,12,3.92909356725146,1.38461538461538,'2012-02-27 15:00:01',3),(266,5,32,4,8,4.3859649122807,0.923076923076923,'2012-02-27 15:00:01',4),(267,6,13,4.33333333333333,3,4.75146198830409,0.346153846153846,'2012-02-27 15:00:01',5),(268,4,124,4.59259259259259,27,5,3,'2012-02-27 15:10:02',1),(269,2,102,3.92307692307692,26,4.27109181141439,2.88888888888889,'2012-02-27 15:10:02',2),(270,5,32,4,8,4.35483870967742,0.888888888888889,'2012-02-27 15:10:02',3),(271,1,43,3.58333333333333,12,3.90120967741935,1.33333333333333,'2012-02-27 15:10:02',4),(272,6,13,4.33333333333333,3,4.71774193548387,0.333333333333333,'2012-02-27 15:10:02',5),(273,4,129,4.60714285714286,28,5,3,'2012-02-27 15:20:02',1),(274,2,102,3.92307692307692,26,4.25760286225402,2.78571428571429,'2012-02-27 15:20:02',2),(275,5,32,4,8,4.34108527131783,0.857142857142857,'2012-02-27 15:20:02',3),(276,1,43,3.58333333333333,12,3.88888888888889,1.28571428571429,'2012-02-27 15:20:02',4),(277,6,13,4.33333333333333,3,4.70284237726098,0.321428571428571,'2012-02-27 15:20:02',5),(278,4,129,4.60714285714286,28,4.60714285714286,3,'2012-02-27 15:30:01',1),(279,2,102,3.92307692307692,26,3.92307692307692,2.78571428571429,'2012-02-27 15:30:01',2),(280,7,70,5,14,5,1.5,'2012-02-27 15:30:01',3),(281,1,43,3.58333333333333,12,3.58333333333333,1.28571428571429,'2012-02-27 15:30:01',4),(282,6,13,4.33333333333333,3,4.33333333333333,0.321428571428571,'2012-02-27 15:30:01',5),(283,5,33,3.66666666666667,9,3.66666666666667,0.964285714285714,'2012-02-27 15:30:01',6),(284,4,130,4.48275862068965,29,4.63094898831576,3,'2012-02-27 15:40:01',1),(285,7,121,4.84,25,5,2.58620689655172,'2012-02-27 15:40:01',2),(286,2,103,3.81481481481481,27,3.94092439546985,2.79310344827586,'2012-02-27 15:40:01',3),(287,5,38,3.8,10,3.92561983471074,1.03448275862069,'2012-02-27 15:40:01',4),(288,1,44,3.38461538461538,13,3.4965034965035,1.3448275862069,'2012-02-27 15:40:01',5),(289,6,14,3.5,4,3.61570247933884,0.413793103448276,'2012-02-27 15:40:01',6),(290,7,146,4.86666666666667,30,5,3,'2012-02-27 15:50:02',1),(291,4,130,4.48275862068965,29,4.60557392536608,2.9,'2012-02-27 15:50:02',2),(292,2,103,3.81481481481481,27,3.9193302891933,2.7,'2012-02-27 15:50:02',3),(293,5,38,3.8,10,3.9041095890411,1,'2012-02-27 15:50:02',4),(294,1,44,3.38461538461538,13,3.47734457323498,1.3,'2012-02-27 15:50:02',5),(295,6,14,3.5,4,3.5958904109589,0.4,'2012-02-27 15:50:02',6),(296,7,167,4.77142857142857,35,5,3,'2012-02-27 16:00:02',1),(297,4,130,4.48275862068965,29,4.69750154862688,2.48571428571429,'2012-02-27 16:00:02',2),(298,2,103,3.81481481481481,27,3.99756043468618,2.31428571428571,'2012-02-27 16:00:02',3),(299,5,39,3.54545454545455,11,3.71529667936854,0.942857142857143,'2012-02-27 16:00:02',4),(300,1,45,3.21428571428571,14,3.36826347305389,1.2,'2012-02-27 16:00:02',5),(301,6,15,3,5,3.1437125748503,0.428571428571429,'2012-02-27 16:00:02',6),(302,8,0,0,0,0,0,'2012-02-27 16:00:02',7),(303,7,172,4.77777777777778,36,4.77777777777778,3,'2012-02-27 16:10:02',1),(304,4,130,4.48275862068965,29,4.48275862068965,2.41666666666667,'2012-02-27 16:10:02',2),(305,2,103,3.81481481481481,27,3.81481481481482,2.25,'2012-02-27 16:10:02',3),(306,8,15,5,3,5,0.25,'2012-02-27 16:10:02',4),(307,5,40,3.33333333333333,12,3.33333333333333,1,'2012-02-27 16:10:02',5),(308,1,46,3.06666666666667,15,3.06666666666667,1.25,'2012-02-27 16:10:02',6),(309,6,16,2.66666666666667,6,2.66666666666667,0.5,'2012-02-27 16:10:02',7),(310,9,0,0,0,0,0,'2012-02-27 16:10:02',8),(311,7,177,4.78378378378378,37,5,3,'2012-02-27 16:20:01',1),(312,4,130,4.48275862068965,29,4.68536917981687,2.35135135135135,'2012-02-27 16:20:01',2),(313,2,103,3.81481481481481,27,3.98723582339402,2.18918918918919,'2012-02-27 16:20:01',3),(314,8,16,4,4,4.18079096045198,0.324324324324324,'2012-02-27 16:20:01',4),(315,5,40,3.33333333333333,12,3.48399246704331,0.972972972972973,'2012-02-27 16:20:01',5),(316,1,46,3.06666666666667,15,3.20527306967985,1.21621621621622,'2012-02-27 16:20:01',6),(317,6,16,2.66666666666667,6,2.78719397363465,0.486486486486487,'2012-02-27 16:20:01',7),(318,9,1,1,1,1.04519774011299,0.0810810810810811,'2012-02-27 16:20:01',8),(319,7,177,4.78378378378378,37,5,3,'2012-02-27 16:30:01',1),(320,4,130,4.48275862068965,29,4.68536917981687,2.35135135135135,'2012-02-27 16:30:01',2),(321,2,103,3.81481481481481,27,3.98723582339402,2.18918918918919,'2012-02-27 16:30:01',3),(322,8,16,4,4,4.18079096045198,0.324324324324324,'2012-02-27 16:30:01',4),(323,5,40,3.33333333333333,12,3.48399246704331,0.972972972972973,'2012-02-27 16:30:01',5),(324,1,46,3.06666666666667,15,3.20527306967985,1.21621621621622,'2012-02-27 16:30:01',6),(325,6,16,2.66666666666667,6,2.78719397363465,0.486486486486487,'2012-02-27 16:30:01',7),(327,7,177,4.78378378378378,37,5,3,'2012-02-27 16:40:01',1),(328,4,130,4.48275862068965,29,4.68536917981687,2.35135135135135,'2012-02-27 16:40:01',2),(329,2,103,3.81481481481481,27,3.98723582339402,2.18918918918919,'2012-02-27 16:40:01',3),(330,8,16,4,4,4.18079096045198,0.324324324324324,'2012-02-27 16:40:01',4),(331,5,40,3.33333333333333,12,3.48399246704331,0.972972972972973,'2012-02-27 16:40:01',5),(332,1,46,3.06666666666667,15,3.20527306967985,1.21621621621622,'2012-02-27 16:40:01',6),(333,6,16,2.66666666666667,6,2.78719397363465,0.486486486486487,'2012-02-27 16:40:01',7),(334,7,177,4.78378378378378,37,5,3,'2012-02-27 16:50:01',1),(335,4,130,4.48275862068965,29,4.68536917981687,2.35135135135135,'2012-02-27 16:50:01',2),(336,2,103,3.81481481481481,27,3.98723582339402,2.18918918918919,'2012-02-27 16:50:01',3),(337,8,16,4,4,4.18079096045198,0.324324324324324,'2012-02-27 16:50:01',4),(338,5,40,3.33333333333333,12,3.48399246704331,0.972972972972973,'2012-02-27 16:50:01',5),(339,1,46,3.06666666666667,15,3.20527306967985,1.21621621621622,'2012-02-27 16:50:01',6),(340,6,16,2.66666666666667,6,2.78719397363465,0.486486486486487,'2012-02-27 16:50:01',7),(341,7,179,4.71052631578947,38,5,3,'2012-02-27 17:00:02',1),(342,4,135,4.5,30,4.77653631284916,2.36842105263158,'2012-02-27 17:00:02',2),(343,2,103,3.81481481481481,27,4.04924477550176,2.13157894736842,'2012-02-27 17:00:02',3),(344,8,21,4.2,5,4.45810055865922,0.394736842105263,'2012-02-27 17:00:02',4),(345,1,51,3.1875,16,3.38337988826816,1.26315789473684,'2012-02-27 17:00:02',5),(346,5,43,3.30769230769231,13,3.51095831542759,1.02631578947368,'2012-02-27 17:00:02',6),(347,6,16,2.66666666666667,6,2.83054003724395,0.473684210526316,'2012-02-27 17:00:02',7),(348,7,179,4.71052631578947,38,5,3,'2012-02-27 17:10:01',1),(349,4,135,4.5,30,4.77653631284916,2.36842105263158,'2012-02-27 17:10:01',2),(350,2,103,3.81481481481481,27,4.04924477550176,2.13157894736842,'2012-02-27 17:10:01',3),(351,8,21,4.2,5,4.45810055865922,0.394736842105263,'2012-02-27 17:10:01',4),(352,1,51,3.1875,16,3.38337988826816,1.26315789473684,'2012-02-27 17:10:01',5),(353,5,43,3.30769230769231,13,3.51095831542759,1.02631578947368,'2012-02-27 17:10:01',6),(354,6,16,2.66666666666667,6,2.83054003724395,0.473684210526316,'2012-02-27 17:10:01',7),(355,7,179,4.71052631578947,38,5,3,'2012-02-27 17:20:01',1),(356,4,135,4.5,30,4.77653631284916,2.36842105263158,'2012-02-27 17:20:01',2),(357,2,103,3.81481481481481,27,4.04924477550176,2.13157894736842,'2012-02-27 17:20:01',3),(358,8,21,4.2,5,4.45810055865922,0.394736842105263,'2012-02-27 17:20:01',4),(359,1,51,3.1875,16,3.38337988826816,1.26315789473684,'2012-02-27 17:20:01',5),(360,5,43,3.30769230769231,13,3.51095831542759,1.02631578947368,'2012-02-27 17:20:01',6),(361,6,16,2.66666666666667,6,2.83054003724395,0.473684210526316,'2012-02-27 17:20:01',7),(362,7,184,4.71794871794872,39,5,3,'2012-02-27 17:30:02',1),(363,4,140,4.51612903225806,31,4.78611500701262,2.38461538461538,'2012-02-27 17:30:02',2),(364,2,103,3.81481481481481,27,4.04287439613527,2.07692307692308,'2012-02-27 17:30:02',3),(365,8,21,4.2,5,4.45108695652174,0.384615384615385,'2012-02-27 17:30:02',4),(366,1,51,3.1875,16,3.37805706521739,1.23076923076923,'2012-02-27 17:30:02',5),(367,5,43,3.30769230769231,13,3.5054347826087,1,'2012-02-27 17:30:02',6),(368,6,16,2.66666666666667,6,2.82608695652174,0.461538461538462,'2012-02-27 17:30:02',7),(369,7,189,4.725,40,5,3,'2012-02-27 17:40:02',1),(370,4,140,4.51612903225806,31,4.77897252090801,2.325,'2012-02-27 17:40:02',2),(371,2,103,3.81481481481481,27,4.03684107387811,2.025,'2012-02-27 17:40:02',3),(372,8,21,4.2,5,4.44444444444444,0.375,'2012-02-27 17:40:02',4),(373,1,51,3.1875,16,3.37301587301587,1.2,'2012-02-27 17:40:02',5),(374,5,44,3.14285714285714,14,3.32577475434618,1.05,'2012-02-27 17:40:02',6),(375,6,16,2.66666666666667,6,2.82186948853616,0.45,'2012-02-27 17:40:02',7),(376,7,189,4.725,40,5,3,'2012-02-27 17:50:01',1),(377,4,140,4.51612903225806,31,4.77897252090801,2.325,'2012-02-27 17:50:01',2),(378,2,103,3.81481481481481,27,4.03684107387811,2.025,'2012-02-27 17:50:01',3),(379,8,21,4.2,5,4.44444444444444,0.375,'2012-02-27 17:50:01',4),(380,1,51,3.1875,16,3.37301587301587,1.2,'2012-02-27 17:50:01',5),(381,5,44,3.14285714285714,14,3.32577475434618,1.05,'2012-02-27 17:50:01',6),(382,6,16,2.66666666666667,6,2.82186948853616,0.45,'2012-02-27 17:50:01',7),(383,7,189,4.725,40,5,3,'2012-02-27 18:00:02',1),(384,4,145,4.53125,32,4.79497354497355,2.4,'2012-02-27 18:00:02',2),(385,2,103,3.81481481481481,27,4.03684107387811,2.025,'2012-02-27 18:00:02',3),(386,8,21,4.2,5,4.44444444444444,0.375,'2012-02-27 18:00:02',4),(387,1,51,3.1875,16,3.37301587301587,1.2,'2012-02-27 18:00:02',5),(388,5,44,3.14285714285714,14,3.32577475434618,1.05,'2012-02-27 18:00:02',6),(389,6,16,2.66666666666667,6,2.82186948853616,0.45,'2012-02-27 18:00:02',7),(390,7,189,4.725,40,5,3,'2012-02-27 18:10:02',1),(391,4,145,4.53125,32,4.79497354497355,2.4,'2012-02-27 18:10:02',2),(392,2,103,3.81481481481481,27,4.03684107387811,2.025,'2012-02-27 18:10:02',3),(393,8,21,4.2,5,4.44444444444444,0.375,'2012-02-27 18:10:02',4),(394,1,56,3.29411764705882,17,3.48583877995643,1.275,'2012-02-27 18:10:02',5),(395,5,44,3.14285714285714,14,3.32577475434618,1.05,'2012-02-27 18:10:02',6),(396,6,16,2.66666666666667,6,2.82186948853616,0.45,'2012-02-27 18:10:02',7),(397,7,190,4.63414634146341,41,5,3,'2012-02-27 18:20:01',1),(398,4,150,4.54545454545455,33,4.90430622009569,2.41463414634146,'2012-02-27 18:20:01',2),(399,2,104,3.71428571428571,28,4.00751879699248,2.04878048780488,'2012-02-27 18:20:01',3),(400,1,57,3.16666666666667,18,3.41666666666667,1.31707317073171,'2012-02-27 18:20:01',4),(401,5,49,3.26666666666667,15,3.52456140350877,1.09756097560976,'2012-02-27 18:20:01',5),(402,8,22,3.66666666666667,6,3.95614035087719,0.439024390243902,'2012-02-27 18:20:01',6),(403,6,19,2.71428571428571,7,2.92857142857143,0.51219512195122,'2012-02-27 18:20:01',7),(404,7,190,4.63414634146341,41,5,3,'2012-02-27 18:30:02',1),(405,4,150,4.54545454545455,33,4.90430622009569,2.41463414634146,'2012-02-27 18:30:02',2),(406,2,104,3.71428571428571,28,4.00751879699248,2.04878048780488,'2012-02-27 18:30:02',3),(407,1,57,3.16666666666667,18,3.41666666666667,1.31707317073171,'2012-02-27 18:30:02',4),(408,5,49,3.26666666666667,15,3.52456140350877,1.09756097560976,'2012-02-27 18:30:02',5),(409,8,22,3.66666666666667,6,3.95614035087719,0.439024390243902,'2012-02-27 18:30:02',6),(410,6,19,2.71428571428571,7,2.92857142857143,0.51219512195122,'2012-02-27 18:30:02',7),(411,7,191,4.54761904761905,42,5,3,'2012-02-27 18:40:01',1),(412,4,150,4.54545454545455,33,4.99762018086625,2.35714285714286,'2012-02-27 18:40:01',2),(413,2,104,3.71428571428571,28,4.08376963350785,2,'2012-02-27 18:40:01',3),(414,1,57,3.16666666666667,18,3.48167539267016,1.28571428571429,'2012-02-27 18:40:01',4),(415,5,49,3.26666666666667,15,3.59162303664921,1.07142857142857,'2012-02-27 18:40:01',5),(416,8,23,3.28571428571429,7,3.61256544502618,0.5,'2012-02-27 18:40:01',6),(417,6,19,2.71428571428571,7,2.98429319371728,0.5,'2012-02-27 18:40:01',7),(418,7,191,4.54761904761905,42,5,3,'2012-02-27 18:50:01',1),(419,4,150,4.54545454545455,33,4.99762018086625,2.35714285714286,'2012-02-27 18:50:01',2),(420,2,104,3.71428571428571,28,4.08376963350785,2,'2012-02-27 18:50:01',3),(421,1,57,3.16666666666667,18,3.48167539267016,1.28571428571429,'2012-02-27 18:50:01',4),(422,5,49,3.26666666666667,15,3.59162303664921,1.07142857142857,'2012-02-27 18:50:01',5),(423,8,23,3.28571428571429,7,3.61256544502618,0.5,'2012-02-27 18:50:01',6),(424,6,19,2.71428571428571,7,2.98429319371728,0.5,'2012-02-27 18:50:01',7),(425,7,191,4.54761904761905,42,5,3,'2012-02-27 19:00:02',1),(426,4,150,4.54545454545455,33,4.99762018086625,2.35714285714286,'2012-02-27 19:00:02',2),(427,2,104,3.71428571428571,28,4.08376963350785,2,'2012-02-27 19:00:02',3),(428,1,57,3.16666666666667,18,3.48167539267016,1.28571428571429,'2012-02-27 19:00:02',4),(429,5,49,3.26666666666667,15,3.59162303664921,1.07142857142857,'2012-02-27 19:00:02',5),(430,8,23,3.28571428571429,7,3.61256544502618,0.5,'2012-02-27 19:00:02',6),(431,6,19,2.71428571428571,7,2.98429319371728,0.5,'2012-02-27 19:00:02',7),(432,7,191,4.54761904761905,42,5,3,'2012-02-27 19:10:01',1),(433,4,150,4.54545454545455,33,4.99762018086625,2.35714285714286,'2012-02-27 19:10:01',2),(434,2,109,3.75862068965517,29,4.13251489438527,2.07142857142857,'2012-02-27 19:10:01',3),(435,1,57,3.16666666666667,18,3.48167539267016,1.28571428571429,'2012-02-27 19:10:01',4),(436,5,49,3.26666666666667,15,3.59162303664921,1.07142857142857,'2012-02-27 19:10:01',5),(437,8,23,3.28571428571429,7,3.61256544502618,0.5,'2012-02-27 19:10:01',6),(438,6,19,2.71428571428571,7,2.98429319371728,0.5,'2012-02-27 19:10:01',7),(439,7,191,4.54761904761905,42,4.98771121351766,3,'2012-02-27 19:20:01',1),(440,4,155,4.55882352941176,34,5,2.42857142857143,'2012-02-27 19:20:01',2),(441,2,109,3.75862068965517,29,4.12235817575084,2.07142857142857,'2012-02-27 19:20:01',3),(442,1,57,3.16666666666667,18,3.47311827956989,1.28571428571429,'2012-02-27 19:20:01',4),(443,5,49,3.26666666666667,15,3.58279569892473,1.07142857142857,'2012-02-27 19:20:01',5),(444,8,23,3.28571428571429,7,3.6036866359447,0.5,'2012-02-27 19:20:01',6),(445,6,19,2.71428571428571,7,2.97695852534562,0.5,'2012-02-27 19:20:01',7),(446,7,191,4.54761904761905,42,4.98771121351766,3,'2012-02-27 19:30:02',1),(447,4,155,4.55882352941176,34,5,2.42857142857143,'2012-02-27 19:30:02',2),(448,2,109,3.75862068965517,29,4.12235817575084,2.07142857142857,'2012-02-27 19:30:02',3),(449,1,57,3.16666666666667,18,3.47311827956989,1.28571428571429,'2012-02-27 19:30:02',4),(450,5,49,3.26666666666667,15,3.58279569892473,1.07142857142857,'2012-02-27 19:30:02',5),(451,8,23,3.28571428571429,7,3.6036866359447,0.5,'2012-02-27 19:30:02',6),(452,6,19,2.71428571428571,7,2.97695852534562,0.5,'2012-02-27 19:30:02',7),(453,7,201,4.56818181818182,44,5,3,'2012-02-27 19:40:01',1),(454,4,155,4.55882352941176,34,4.9897570968686,2.31818181818182,'2012-02-27 19:40:01',2),(455,2,109,3.75862068965517,29,4.1139131926574,1.97727272727273,'2012-02-27 19:40:01',3),(456,1,57,3.16666666666667,18,3.46600331674958,1.22727272727273,'2012-02-27 19:40:01',4),(457,5,49,3.26666666666667,15,3.57545605306799,1.02272727272727,'2012-02-27 19:40:01',5),(458,8,23,3.28571428571429,7,3.59630419331912,0.477272727272727,'2012-02-27 19:40:01',6),(459,6,19,2.71428571428571,7,2.97085998578536,0.477272727272727,'2012-02-27 19:40:01',7),(460,7,201,4.56818181818182,44,5,3,'2012-02-27 19:50:01',1),(461,4,155,4.55882352941176,34,4.9897570968686,2.31818181818182,'2012-02-27 19:50:01',2),(462,2,109,3.75862068965517,29,4.1139131926574,1.97727272727273,'2012-02-27 19:50:01',3),(463,1,62,3.26315789473684,19,3.57161560617963,1.29545454545455,'2012-02-27 19:50:01',4),(464,5,49,3.26666666666667,15,3.57545605306799,1.02272727272727,'2012-02-27 19:50:01',5),(465,8,28,3.5,8,3.83084577114428,0.545454545454545,'2012-02-27 19:50:01',6),(466,6,19,2.71428571428571,7,2.97085998578536,0.477272727272727,'2012-02-27 19:50:01',7),(467,7,201,4.56818181818182,44,4.99644886363636,3,'2012-02-27 20:00:01',1),(468,4,160,4.57142857142857,35,5,2.38636363636364,'2012-02-27 20:00:01',2),(469,2,109,3.75862068965517,29,4.11099137931035,1.97727272727273,'2012-02-27 20:00:01',3),(470,1,62,3.26315789473684,19,3.56907894736842,1.29545454545455,'2012-02-27 20:00:01',4),(471,5,49,3.26666666666667,15,3.57291666666667,1.02272727272727,'2012-02-27 20:00:01',5),(472,8,28,3.5,8,3.828125,0.545454545454545,'2012-02-27 20:00:01',6),(473,6,19,2.71428571428571,7,2.96875,0.477272727272727,'2012-02-27 20:00:01',7),(474,7,201,4.56818181818182,44,4.99644886363636,3,'2012-02-27 20:10:01',1),(475,4,160,4.57142857142857,35,5,2.38636363636364,'2012-02-27 20:10:01',2),(476,2,109,3.75862068965517,29,4.11099137931035,1.97727272727273,'2012-02-27 20:10:01',3),(477,1,62,3.26315789473684,19,3.56907894736842,1.29545454545455,'2012-02-27 20:10:01',4),(478,5,49,3.26666666666667,15,3.57291666666667,1.02272727272727,'2012-02-27 20:10:01',5),(479,8,28,3.5,8,3.828125,0.545454545454545,'2012-02-27 20:10:01',6),(480,6,19,2.71428571428571,7,2.96875,0.477272727272727,'2012-02-27 20:10:01',7),(481,7,201,4.56818181818182,44,4.99644886363636,3,'2012-02-27 20:20:01',1),(482,4,160,4.57142857142857,35,5,2.38636363636364,'2012-02-27 20:20:01',2),(483,2,109,3.75862068965517,29,4.11099137931035,1.97727272727273,'2012-02-27 20:20:01',3),(484,1,62,3.26315789473684,19,3.56907894736842,1.29545454545455,'2012-02-27 20:20:01',4),(485,5,49,3.26666666666667,15,3.57291666666667,1.02272727272727,'2012-02-27 20:20:01',5),(486,8,28,3.5,8,3.828125,0.545454545454545,'2012-02-27 20:20:01',6),(487,6,19,2.71428571428571,7,2.96875,0.477272727272727,'2012-02-27 20:20:01',7),(488,7,201,4.56818181818182,44,4.99644886363636,3,'2012-02-27 20:30:01',1),(489,4,160,4.57142857142857,35,5,2.38636363636364,'2012-02-27 20:30:01',2),(490,2,109,3.75862068965517,29,4.11099137931035,1.97727272727273,'2012-02-27 20:30:01',3),(491,1,62,3.26315789473684,19,3.56907894736842,1.29545454545455,'2012-02-27 20:30:01',4),(492,5,49,3.26666666666667,15,3.57291666666667,1.02272727272727,'2012-02-27 20:30:01',5),(493,8,28,3.5,8,3.828125,0.545454545454545,'2012-02-27 20:30:01',6),(494,6,19,2.71428571428571,7,2.96875,0.477272727272727,'2012-02-27 20:30:01',7),(495,7,201,4.56818181818182,44,4.99644886363636,3,'2012-02-27 20:40:02',1),(496,4,160,4.57142857142857,35,5,2.38636363636364,'2012-02-27 20:40:02',2),(497,2,109,3.75862068965517,29,4.11099137931035,1.97727272727273,'2012-02-27 20:40:02',3),(498,1,62,3.26315789473684,19,3.56907894736842,1.29545454545455,'2012-02-27 20:40:02',4),(499,5,49,3.26666666666667,15,3.57291666666667,1.02272727272727,'2012-02-27 20:40:02',5),(500,8,28,3.5,8,3.828125,0.545454545454545,'2012-02-27 20:40:02',6),(501,6,19,2.71428571428571,7,2.96875,0.477272727272727,'2012-02-27 20:40:02',7),(502,7,206,4.57777777777778,45,5,3,'2012-02-27 20:50:02',1),(503,4,160,4.57142857142857,35,4.99306518723994,2.33333333333333,'2012-02-27 20:50:02',2),(504,2,109,3.75862068965517,29,4.1052895882156,1.93333333333333,'2012-02-27 20:50:02',3),(505,1,62,3.26315789473684,19,3.56412876852325,1.26666666666667,'2012-02-27 20:50:02',4),(506,8,33,3.66666666666667,9,4.00485436893204,0.6,'2012-02-27 20:50:02',5),(507,5,49,3.26666666666667,15,3.56796116504854,1,'2012-02-27 20:50:02',6),(508,6,19,2.71428571428571,7,2.96463245492372,0.466666666666667,'2012-02-27 20:50:02',7),(509,7,206,4.57777777777778,45,5,3,'2012-02-27 21:00:02',1),(510,4,160,4.57142857142857,35,4.99306518723994,2.33333333333333,'2012-02-27 21:00:02',2),(511,2,109,3.75862068965517,29,4.1052895882156,1.93333333333333,'2012-02-27 21:00:02',3),(512,1,62,3.26315789473684,19,3.56412876852325,1.26666666666667,'2012-02-27 21:00:02',4),(513,8,33,3.66666666666667,9,4.00485436893204,0.6,'2012-02-27 21:00:02',5),(514,5,49,3.26666666666667,15,3.56796116504854,1,'2012-02-27 21:00:02',6),(515,6,19,2.71428571428571,7,2.96463245492372,0.466666666666667,'2012-02-27 21:00:02',7),(516,10,6,3,2,3.27669902912621,0.133333333333333,'2012-02-27 21:00:02',8),(517,7,211,4.58695652173913,46,5,3,'2012-02-27 21:10:01',1),(518,4,160,4.57142857142857,35,4.98307379823967,2.28260869565217,'2012-02-27 21:10:01',2),(519,2,109,3.75862068965517,29,4.09707468540611,1.89130434782609,'2012-02-27 21:10:01',3),(520,1,62,3.26315789473684,19,3.55699675729608,1.23913043478261,'2012-02-27 21:10:01',4),(521,8,33,3.66666666666667,9,3.99684044233807,0.58695652173913,'2012-02-27 21:10:01',5),(522,5,49,3.26666666666667,15,3.5608214849921,0.978260869565217,'2012-02-27 21:10:01',6),(523,6,19,2.71428571428571,7,2.95870006770481,0.456521739130435,'2012-02-27 21:10:01',7),(524,10,6,3,2,3.27014218009479,0.130434782608696,'2012-02-27 21:10:01',8),(525,7,211,4.58695652173913,46,5,3,'2012-02-27 21:20:02',1),(526,4,160,4.57142857142857,35,4.98307379823967,2.28260869565217,'2012-02-27 21:20:02',2),(527,2,109,3.75862068965517,29,4.09707468540611,1.89130434782609,'2012-02-27 21:20:02',3),(528,1,62,3.26315789473684,19,3.55699675729608,1.23913043478261,'2012-02-27 21:20:02',4),(529,8,33,3.66666666666667,9,3.99684044233807,0.58695652173913,'2012-02-27 21:20:02',5),(530,5,49,3.26666666666667,15,3.5608214849921,0.978260869565217,'2012-02-27 21:20:02',6),(531,6,19,2.71428571428571,7,2.95870006770481,0.456521739130435,'2012-02-27 21:20:02',7),(532,10,6,3,2,3.27014218009479,0.130434782608696,'2012-02-27 21:20:02',8),(533,7,211,4.58695652173913,46,5,3,'2012-02-27 21:30:05',1),(534,4,160,4.57142857142857,35,4.98307379823967,2.28260869565217,'2012-02-27 21:30:05',2),(535,2,109,3.75862068965517,29,4.09707468540611,1.89130434782609,'2012-02-27 21:30:05',3),(536,1,62,3.26315789473684,19,3.55699675729608,1.23913043478261,'2012-02-27 21:30:05',4),(537,8,33,3.66666666666667,9,3.99684044233807,0.58695652173913,'2012-02-27 21:30:05',5),(538,5,49,3.26666666666667,15,3.5608214849921,0.978260869565217,'2012-02-27 21:30:05',6),(539,10,11,3.66666666666667,3,3.99684044233807,0.195652173913043,'2012-02-27 21:30:05',7),(540,6,19,2.71428571428571,7,2.95870006770481,0.456521739130435,'2012-02-27 21:30:05',8),(541,7,211,4.58695652173913,46,5,3,'2012-02-27 21:40:02',1),(542,4,160,4.57142857142857,35,4.98307379823967,2.28260869565217,'2012-02-27 21:40:02',2),(543,2,109,3.75862068965517,29,4.09707468540611,1.89130434782609,'2012-02-27 21:40:02',3),(544,1,62,3.26315789473684,19,3.55699675729608,1.23913043478261,'2012-02-27 21:40:02',4),(545,8,33,3.66666666666667,9,3.99684044233807,0.58695652173913,'2012-02-27 21:40:02',5),(546,5,49,3.26666666666667,15,3.5608214849921,0.978260869565217,'2012-02-27 21:40:02',6),(547,10,11,3.66666666666667,3,3.99684044233807,0.195652173913043,'2012-02-27 21:40:02',7),(548,6,19,2.71428571428571,7,2.95870006770481,0.456521739130435,'2012-02-27 21:40:02',8),(549,7,211,4.58695652173913,46,5,3,'2012-02-27 21:50:01',1),(550,4,160,4.57142857142857,35,4.98307379823967,2.28260869565217,'2012-02-27 21:50:01',2),(551,2,109,3.75862068965517,29,4.09707468540611,1.89130434782609,'2012-02-27 21:50:01',3),(552,1,62,3.26315789473684,19,3.55699675729608,1.23913043478261,'2012-02-27 21:50:01',4),(553,8,33,3.66666666666667,9,3.99684044233807,0.58695652173913,'2012-02-27 21:50:01',5),(554,5,49,3.26666666666667,15,3.5608214849921,0.978260869565217,'2012-02-27 21:50:01',6),(555,10,11,3.66666666666667,3,3.99684044233807,0.195652173913043,'2012-02-27 21:50:01',7),(556,6,19,2.71428571428571,7,2.95870006770481,0.456521739130435,'2012-02-27 21:50:01',8),(557,7,211,4.58695652173913,46,5,3,'2012-02-27 22:00:01',1),(558,4,160,4.57142857142857,35,4.98307379823967,2.28260869565217,'2012-02-27 22:00:01',2),(559,2,109,3.75862068965517,29,4.09707468540611,1.89130434782609,'2012-02-27 22:00:01',3),(560,1,62,3.26315789473684,19,3.55699675729608,1.23913043478261,'2012-02-27 22:00:01',4),(561,8,33,3.66666666666667,9,3.99684044233807,0.58695652173913,'2012-02-27 22:00:01',5),(562,5,49,3.26666666666667,15,3.5608214849921,0.978260869565217,'2012-02-27 22:00:01',6),(563,10,11,3.66666666666667,3,3.99684044233807,0.195652173913043,'2012-02-27 22:00:01',7),(564,6,19,2.71428571428571,7,2.95870006770481,0.456521739130435,'2012-02-27 22:00:01',8),(565,7,211,4.58695652173913,46,5,3,'2012-02-27 22:10:01',1),(566,4,160,4.57142857142857,35,4.98307379823967,2.28260869565217,'2012-02-27 22:10:01',2),(567,2,109,3.75862068965517,29,4.09707468540611,1.89130434782609,'2012-02-27 22:10:01',3),(568,1,62,3.26315789473684,19,3.55699675729608,1.23913043478261,'2012-02-27 22:10:01',4),(569,8,33,3.66666666666667,9,3.99684044233807,0.58695652173913,'2012-02-27 22:10:01',5),(570,5,49,3.26666666666667,15,3.5608214849921,0.978260869565217,'2012-02-27 22:10:01',6),(571,10,11,3.66666666666667,3,3.99684044233807,0.195652173913043,'2012-02-27 22:10:01',7),(572,6,19,2.71428571428571,7,2.95870006770481,0.456521739130435,'2012-02-27 22:10:01',8),(573,7,211,4.58695652173913,46,5,3,'2012-02-27 22:20:01',1),(574,4,160,4.57142857142857,35,4.98307379823967,2.28260869565217,'2012-02-27 22:20:01',2),(575,2,109,3.75862068965517,29,4.09707468540611,1.89130434782609,'2012-02-27 22:20:01',3),(576,1,62,3.26315789473684,19,3.55699675729608,1.23913043478261,'2012-02-27 22:20:01',4),(577,8,33,3.66666666666667,9,3.99684044233807,0.58695652173913,'2012-02-27 22:20:01',5),(578,5,49,3.26666666666667,15,3.5608214849921,0.978260869565217,'2012-02-27 22:20:01',6),(579,10,11,3.66666666666667,3,3.99684044233807,0.195652173913043,'2012-02-27 22:20:01',7),(580,6,19,2.71428571428571,7,2.95870006770481,0.456521739130435,'2012-02-27 22:20:01',8),(581,7,211,4.58695652173913,46,5,3,'2012-02-27 22:30:01',1),(582,4,160,4.57142857142857,35,4.98307379823967,2.28260869565217,'2012-02-27 22:30:01',2),(583,2,109,3.75862068965517,29,4.09707468540611,1.89130434782609,'2012-02-27 22:30:01',3),(584,1,62,3.26315789473684,19,3.55699675729608,1.23913043478261,'2012-02-27 22:30:01',4),(585,8,33,3.66666666666667,9,3.99684044233807,0.58695652173913,'2012-02-27 22:30:01',5),(586,5,49,3.26666666666667,15,3.5608214849921,0.978260869565217,'2012-02-27 22:30:01',6),(587,10,11,3.66666666666667,3,3.99684044233807,0.195652173913043,'2012-02-27 22:30:01',7),(588,6,19,2.71428571428571,7,2.95870006770481,0.456521739130435,'2012-02-27 22:30:01',8),(589,7,211,4.58695652173913,46,5,3,'2012-02-27 22:40:01',1),(590,4,160,4.57142857142857,35,4.98307379823967,2.28260869565217,'2012-02-27 22:40:01',2),(591,2,109,3.75862068965517,29,4.09707468540611,1.89130434782609,'2012-02-27 22:40:01',3),(592,1,62,3.26315789473684,19,3.55699675729608,1.23913043478261,'2012-02-27 22:40:01',4),(593,8,33,3.66666666666667,9,3.99684044233807,0.58695652173913,'2012-02-27 22:40:01',5),(594,5,49,3.26666666666667,15,3.5608214849921,0.978260869565217,'2012-02-27 22:40:01',6),(595,10,11,3.66666666666667,3,3.99684044233807,0.195652173913043,'2012-02-27 22:40:01',7),(596,6,19,2.71428571428571,7,2.95870006770481,0.456521739130435,'2012-02-27 22:40:01',8),(597,7,211,4.58695652173913,46,5,3,'2012-02-27 22:50:01',1),(598,4,160,4.57142857142857,35,4.98307379823967,2.28260869565217,'2012-02-27 22:50:01',2),(599,2,109,3.75862068965517,29,4.09707468540611,1.89130434782609,'2012-02-27 22:50:01',3),(600,1,62,3.26315789473684,19,3.55699675729608,1.23913043478261,'2012-02-27 22:50:01',4),(601,8,33,3.66666666666667,9,3.99684044233807,0.58695652173913,'2012-02-27 22:50:01',5),(602,5,49,3.26666666666667,15,3.5608214849921,0.978260869565217,'2012-02-27 22:50:01',6),(603,10,11,3.66666666666667,3,3.99684044233807,0.195652173913043,'2012-02-27 22:50:01',7),(604,6,19,2.71428571428571,7,2.95870006770481,0.456521739130435,'2012-02-27 22:50:01',8),(605,7,211,4.58695652173913,46,5,3,'2012-02-27 23:00:01',1),(606,4,160,4.57142857142857,35,4.98307379823967,2.28260869565217,'2012-02-27 23:00:01',2),(607,2,109,3.75862068965517,29,4.09707468540611,1.89130434782609,'2012-02-27 23:00:01',3),(608,1,62,3.26315789473684,19,3.55699675729608,1.23913043478261,'2012-02-27 23:00:01',4),(609,8,33,3.66666666666667,9,3.99684044233807,0.58695652173913,'2012-02-27 23:00:01',5),(610,5,49,3.26666666666667,15,3.5608214849921,0.978260869565217,'2012-02-27 23:00:01',6),(611,10,11,3.66666666666667,3,3.99684044233807,0.195652173913043,'2012-02-27 23:00:01',7),(612,6,19,2.71428571428571,7,2.95870006770481,0.456521739130435,'2012-02-27 23:00:01',8),(613,7,211,4.58695652173913,46,5,3,'2012-02-27 23:10:02',1),(614,4,160,4.57142857142857,35,4.98307379823967,2.28260869565217,'2012-02-27 23:10:02',2),(615,2,109,3.75862068965517,29,4.09707468540611,1.89130434782609,'2012-02-27 23:10:02',3),(616,1,62,3.26315789473684,19,3.55699675729608,1.23913043478261,'2012-02-27 23:10:02',4),(617,8,33,3.66666666666667,9,3.99684044233807,0.58695652173913,'2012-02-27 23:10:02',5),(618,5,49,3.26666666666667,15,3.5608214849921,0.978260869565217,'2012-02-27 23:10:02',6),(619,10,11,3.66666666666667,3,3.99684044233807,0.195652173913043,'2012-02-27 23:10:02',7),(620,6,19,2.71428571428571,7,2.95870006770481,0.456521739130435,'2012-02-27 23:10:02',8),(621,7,211,4.58695652173913,46,5,3,'2012-02-27 23:20:02',1),(622,4,160,4.57142857142857,35,4.98307379823967,2.28260869565217,'2012-02-27 23:20:02',2),(623,2,109,3.75862068965517,29,4.09707468540611,1.89130434782609,'2012-02-27 23:20:02',3),(624,1,62,3.26315789473684,19,3.55699675729608,1.23913043478261,'2012-02-27 23:20:02',4),(625,8,33,3.66666666666667,9,3.99684044233807,0.58695652173913,'2012-02-27 23:20:02',5),(626,5,49,3.26666666666667,15,3.5608214849921,0.978260869565217,'2012-02-27 23:20:02',6),(627,10,11,3.66666666666667,3,3.99684044233807,0.195652173913043,'2012-02-27 23:20:02',7),(628,6,19,2.71428571428571,7,2.95870006770481,0.456521739130435,'2012-02-27 23:20:02',8),(629,7,211,4.58695652173913,46,5,3,'2012-02-27 23:30:01',1),(630,4,160,4.57142857142857,35,4.98307379823967,2.28260869565217,'2012-02-27 23:30:01',2),(631,2,109,3.75862068965517,29,4.09707468540611,1.89130434782609,'2012-02-27 23:30:01',3),(632,1,62,3.26315789473684,19,3.55699675729608,1.23913043478261,'2012-02-27 23:30:01',4),(633,8,33,3.66666666666667,9,3.99684044233807,0.58695652173913,'2012-02-27 23:30:01',5),(634,5,49,3.26666666666667,15,3.5608214849921,0.978260869565217,'2012-02-27 23:30:01',6),(635,10,11,3.66666666666667,3,3.99684044233807,0.195652173913043,'2012-02-27 23:30:01',7),(636,6,19,2.71428571428571,7,2.95870006770481,0.456521739130435,'2012-02-27 23:30:01',8),(637,7,211,4.58695652173913,46,5,3,'2012-02-27 23:40:01',1),(638,4,160,4.57142857142857,35,4.98307379823967,2.28260869565217,'2012-02-27 23:40:01',2),(639,2,109,3.75862068965517,29,4.09707468540611,1.89130434782609,'2012-02-27 23:40:01',3),(640,1,62,3.26315789473684,19,3.55699675729608,1.23913043478261,'2012-02-27 23:40:01',4),(641,8,33,3.66666666666667,9,3.99684044233807,0.58695652173913,'2012-02-27 23:40:01',5),(642,5,49,3.26666666666667,15,3.5608214849921,0.978260869565217,'2012-02-27 23:40:01',6),(643,10,11,3.66666666666667,3,3.99684044233807,0.195652173913043,'2012-02-27 23:40:01',7),(644,6,19,2.71428571428571,7,2.95870006770481,0.456521739130435,'2012-02-27 23:40:01',8),(645,7,211,4.58695652173913,46,5,3,'2012-02-27 23:50:01',1),(646,4,160,4.57142857142857,35,4.98307379823967,2.28260869565217,'2012-02-27 23:50:01',2),(647,2,109,3.75862068965517,29,4.09707468540611,1.89130434782609,'2012-02-27 23:50:01',3),(648,1,62,3.26315789473684,19,3.55699675729608,1.23913043478261,'2012-02-27 23:50:01',4),(649,8,33,3.66666666666667,9,3.99684044233807,0.58695652173913,'2012-02-27 23:50:01',5),(650,5,49,3.26666666666667,15,3.5608214849921,0.978260869565217,'2012-02-27 23:50:01',6),(651,10,11,3.66666666666667,3,3.99684044233807,0.195652173913043,'2012-02-27 23:50:01',7),(652,6,19,2.71428571428571,7,2.95870006770481,0.456521739130435,'2012-02-27 23:50:01',8),(653,7,211,4.58695652173913,46,5,3,'2012-02-28 00:00:02',1),(654,4,160,4.57142857142857,35,4.98307379823967,2.28260869565217,'2012-02-28 00:00:02',2),(655,2,109,3.75862068965517,29,4.09707468540611,1.89130434782609,'2012-02-28 00:00:02',3),(656,1,62,3.26315789473684,19,3.55699675729608,1.23913043478261,'2012-02-28 00:00:02',4),(657,8,33,3.66666666666667,9,3.99684044233807,0.58695652173913,'2012-02-28 00:00:02',5),(658,5,49,3.26666666666667,15,3.5608214849921,0.978260869565217,'2012-02-28 00:00:02',6),(659,10,11,3.66666666666667,3,3.99684044233807,0.195652173913043,'2012-02-28 00:00:02',7),(660,6,19,2.71428571428571,7,2.95870006770481,0.456521739130435,'2012-02-28 00:00:02',8),(661,7,216,4.59574468085106,47,5,3,'2012-02-28 00:10:02',1),(662,4,161,4.47222222222222,36,4.86561213991769,2.29787234042553,'2012-02-28 00:10:02',2),(663,2,110,3.66666666666667,30,3.9891975308642,1.91489361702128,'2012-02-28 00:10:02',3),(664,1,63,3.15,20,3.42708333333333,1.27659574468085,'2012-02-28 00:10:02',4),(665,5,50,3.125,16,3.39988425925926,1.02127659574468,'2012-02-28 00:10:02',5),(666,8,34,3.4,10,3.69907407407407,0.638297872340426,'2012-02-28 00:10:02',6),(667,10,11,3.66666666666667,3,3.9891975308642,0.191489361702128,'2012-02-28 00:10:02',7),(668,6,24,3,8,3.26388888888889,0.51063829787234,'2012-02-28 00:10:02',8),(669,7,216,4.59574468085106,47,5,3,'2012-02-28 00:20:02',1),(670,4,161,4.47222222222222,36,4.86561213991769,2.29787234042553,'2012-02-28 00:20:02',2),(671,2,110,3.66666666666667,30,3.9891975308642,1.91489361702128,'2012-02-28 00:20:02',3),(672,1,63,3.15,20,3.42708333333333,1.27659574468085,'2012-02-28 00:20:02',4),(673,5,50,3.125,16,3.39988425925926,1.02127659574468,'2012-02-28 00:20:02',5),(674,8,34,3.4,10,3.69907407407407,0.638297872340426,'2012-02-28 00:20:02',6),(675,10,11,3.66666666666667,3,3.9891975308642,0.191489361702128,'2012-02-28 00:20:02',7),(676,6,24,3,8,3.26388888888889,0.51063829787234,'2012-02-28 00:20:02',8),(677,7,221,4.60416666666667,48,5,3,'2012-02-28 00:30:02',1),(678,4,166,4.48648648648649,37,4.87220251926134,2.3125,'2012-02-28 00:30:02',2),(679,2,110,3.66666666666667,30,3.98190045248869,1.875,'2012-02-28 00:30:02',3),(680,1,63,3.15,20,3.42081447963801,1.25,'2012-02-28 00:30:02',4),(681,10,16,4,4,4.34389140271493,0.25,'2012-02-28 00:30:02',5),(682,5,50,3.125,16,3.39366515837104,1,'2012-02-28 00:30:02',6),(683,8,34,3.4,10,3.69230769230769,0.625,'2012-02-28 00:30:02',7),(684,6,24,3,8,3.2579185520362,0.5,'2012-02-28 00:30:02',8),(685,7,221,4.60416666666667,48,5,3,'2012-02-28 00:40:01',1),(686,4,166,4.48648648648649,37,4.87220251926134,2.3125,'2012-02-28 00:40:01',2),(687,2,110,3.66666666666667,30,3.98190045248869,1.875,'2012-02-28 00:40:01',3),(688,1,63,3.15,20,3.42081447963801,1.25,'2012-02-28 00:40:01',4),(689,10,16,4,4,4.34389140271493,0.25,'2012-02-28 00:40:01',5),(690,5,50,3.125,16,3.39366515837104,1,'2012-02-28 00:40:01',6),(691,8,34,3.4,10,3.69230769230769,0.625,'2012-02-28 00:40:01',7),(692,6,24,3,8,3.2579185520362,0.5,'2012-02-28 00:40:01',8),(693,7,226,4.61224489795918,49,5,3,'2012-02-28 00:50:01',1),(694,4,166,4.48648648648649,37,4.86366897871323,2.26530612244898,'2012-02-28 00:50:01',2),(695,2,110,3.66666666666667,30,3.97492625368732,1.83673469387755,'2012-02-28 00:50:01',3),(696,1,63,3.15,20,3.41482300884956,1.22448979591837,'2012-02-28 00:50:01',4),(697,10,16,4,4,4.33628318584071,0.244897959183673,'2012-02-28 00:50:01',5),(698,5,50,3.125,16,3.38772123893805,0.979591836734694,'2012-02-28 00:50:01',6),(699,8,34,3.4,10,3.6858407079646,0.612244897959184,'2012-02-28 00:50:01',7),(700,6,24,3,8,3.25221238938053,0.489795918367347,'2012-02-28 00:50:01',8),(701,7,226,4.61224489795918,49,5,3,'2012-02-28 01:00:02',1),(702,4,166,4.48648648648649,37,4.86366897871323,2.26530612244898,'2012-02-28 01:00:02',2),(703,2,110,3.66666666666667,30,3.97492625368732,1.83673469387755,'2012-02-28 01:00:02',3),(704,1,63,3.15,20,3.41482300884956,1.22448979591837,'2012-02-28 01:00:02',4),(705,10,16,4,4,4.33628318584071,0.244897959183673,'2012-02-28 01:00:02',5),(706,5,50,3.125,16,3.38772123893805,0.979591836734694,'2012-02-28 01:00:02',6),(707,8,34,3.4,10,3.6858407079646,0.612244897959184,'2012-02-28 01:00:02',7),(708,6,24,3,8,3.25221238938053,0.489795918367347,'2012-02-28 01:00:02',8),(709,7,226,4.61224489795918,49,5,3,'2012-02-28 01:10:02',1),(710,4,166,4.48648648648649,37,4.86366897871323,2.26530612244898,'2012-02-28 01:10:02',2),(711,2,110,3.66666666666667,30,3.97492625368732,1.83673469387755,'2012-02-28 01:10:02',3),(712,1,63,3.15,20,3.41482300884956,1.22448979591837,'2012-02-28 01:10:02',4),(713,10,16,4,4,4.33628318584071,0.244897959183673,'2012-02-28 01:10:02',5),(714,5,50,3.125,16,3.38772123893805,0.979591836734694,'2012-02-28 01:10:02',6),(715,8,34,3.4,10,3.6858407079646,0.612244897959184,'2012-02-28 01:10:02',7),(716,6,24,3,8,3.25221238938053,0.489795918367347,'2012-02-28 01:10:02',8),(717,7,226,4.61224489795918,49,5,3,'2012-02-28 01:20:01',1),(718,4,166,4.48648648648649,37,4.86366897871323,2.26530612244898,'2012-02-28 01:20:01',2),(719,2,110,3.66666666666667,30,3.97492625368732,1.83673469387755,'2012-02-28 01:20:01',3),(720,1,63,3.15,20,3.41482300884956,1.22448979591837,'2012-02-28 01:20:01',4),(721,10,16,4,4,4.33628318584071,0.244897959183673,'2012-02-28 01:20:01',5),(722,5,50,3.125,16,3.38772123893805,0.979591836734694,'2012-02-28 01:20:01',6),(723,8,34,3.4,10,3.6858407079646,0.612244897959184,'2012-02-28 01:20:01',7),(724,6,24,3,8,3.25221238938053,0.489795918367347,'2012-02-28 01:20:01',8),(725,7,226,4.61224489795918,49,5,3,'2012-02-28 01:30:02',1),(726,4,166,4.48648648648649,37,4.86366897871323,2.26530612244898,'2012-02-28 01:30:02',2),(727,2,110,3.66666666666667,30,3.97492625368732,1.83673469387755,'2012-02-28 01:30:02',3),(728,1,63,3.15,20,3.41482300884956,1.22448979591837,'2012-02-28 01:30:02',4),(729,10,16,4,4,4.33628318584071,0.244897959183673,'2012-02-28 01:30:02',5),(730,5,50,3.125,16,3.38772123893805,0.979591836734694,'2012-02-28 01:30:02',6),(731,8,34,3.4,10,3.6858407079646,0.612244897959184,'2012-02-28 01:30:02',7),(732,6,24,3,8,3.25221238938053,0.489795918367347,'2012-02-28 01:30:02',8),(733,7,226,4.61224489795918,49,5,3,'2012-02-28 01:40:02',1),(734,4,166,4.48648648648649,37,4.86366897871323,2.26530612244898,'2012-02-28 01:40:02',2),(735,2,110,3.66666666666667,30,3.97492625368732,1.83673469387755,'2012-02-28 01:40:02',3),(736,1,63,3.15,20,3.41482300884956,1.22448979591837,'2012-02-28 01:40:02',4),(737,10,16,4,4,4.33628318584071,0.244897959183673,'2012-02-28 01:40:02',5),(738,5,50,3.125,16,3.38772123893805,0.979591836734694,'2012-02-28 01:40:02',6),(739,8,34,3.4,10,3.6858407079646,0.612244897959184,'2012-02-28 01:40:02',7),(740,6,24,3,8,3.25221238938053,0.489795918367347,'2012-02-28 01:40:02',8),(741,7,226,4.61224489795918,49,5,3,'2012-02-28 01:50:01',1),(742,4,166,4.48648648648649,37,4.86366897871323,2.26530612244898,'2012-02-28 01:50:01',2),(743,2,110,3.66666666666667,30,3.97492625368732,1.83673469387755,'2012-02-28 01:50:01',3),(744,1,63,3.15,20,3.41482300884956,1.22448979591837,'2012-02-28 01:50:01',4),(745,10,16,4,4,4.33628318584071,0.244897959183673,'2012-02-28 01:50:01',5),(746,5,50,3.125,16,3.38772123893805,0.979591836734694,'2012-02-28 01:50:01',6),(747,8,34,3.4,10,3.6858407079646,0.612244897959184,'2012-02-28 01:50:01',7),(748,6,24,3,8,3.25221238938053,0.489795918367347,'2012-02-28 01:50:01',8),(749,7,226,4.61224489795918,49,5,3,'2012-02-28 02:00:02',1),(750,4,166,4.48648648648649,37,4.86366897871323,2.26530612244898,'2012-02-28 02:00:02',2),(751,2,110,3.66666666666667,30,3.97492625368732,1.83673469387755,'2012-02-28 02:00:02',3),(752,1,63,3.15,20,3.41482300884956,1.22448979591837,'2012-02-28 02:00:02',4),(753,10,16,4,4,4.33628318584071,0.244897959183673,'2012-02-28 02:00:02',5),(754,5,50,3.125,16,3.38772123893805,0.979591836734694,'2012-02-28 02:00:02',6),(755,8,34,3.4,10,3.6858407079646,0.612244897959184,'2012-02-28 02:00:02',7),(756,6,24,3,8,3.25221238938053,0.489795918367347,'2012-02-28 02:00:02',8),(757,7,226,4.61224489795918,49,5,3,'2012-02-28 02:10:02',1),(758,4,166,4.48648648648649,37,4.86366897871323,2.26530612244898,'2012-02-28 02:10:02',2),(759,2,110,3.66666666666667,30,3.97492625368732,1.83673469387755,'2012-02-28 02:10:02',3),(760,1,68,3.23809523809524,21,3.51032448377581,1.28571428571429,'2012-02-28 02:10:02',4),(761,10,16,4,4,4.33628318584071,0.244897959183673,'2012-02-28 02:10:02',5),(762,5,50,3.125,16,3.38772123893805,0.979591836734694,'2012-02-28 02:10:02',6),(763,8,34,3.4,10,3.6858407079646,0.612244897959184,'2012-02-28 02:10:02',7),(764,6,24,3,8,3.25221238938053,0.489795918367347,'2012-02-28 02:10:02',8),(765,7,226,4.61224489795918,49,5,3,'2012-02-28 02:20:01',1),(766,4,166,4.48648648648649,37,4.86366897871323,2.26530612244898,'2012-02-28 02:20:01',2),(767,2,110,3.66666666666667,30,3.97492625368732,1.83673469387755,'2012-02-28 02:20:01',3),(768,1,68,3.23809523809524,21,3.51032448377581,1.28571428571429,'2012-02-28 02:20:01',4),(769,10,16,4,4,4.33628318584071,0.244897959183673,'2012-02-28 02:20:01',5),(770,5,50,3.125,16,3.38772123893805,0.979591836734694,'2012-02-28 02:20:01',6),(771,8,34,3.4,10,3.6858407079646,0.612244897959184,'2012-02-28 02:20:01',7),(772,6,24,3,8,3.25221238938053,0.489795918367347,'2012-02-28 02:20:01',8),(773,7,226,4.61224489795918,49,5,3,'2012-02-28 02:30:02',1),(774,4,166,4.48648648648649,37,4.86366897871323,2.26530612244898,'2012-02-28 02:30:02',2),(775,2,110,3.66666666666667,30,3.97492625368732,1.83673469387755,'2012-02-28 02:30:02',3),(776,1,68,3.23809523809524,21,3.51032448377581,1.28571428571429,'2012-02-28 02:30:02',4),(777,10,16,4,4,4.33628318584071,0.244897959183673,'2012-02-28 02:30:02',5),(778,5,50,3.125,16,3.38772123893805,0.979591836734694,'2012-02-28 02:30:02',6),(779,8,34,3.4,10,3.6858407079646,0.612244897959184,'2012-02-28 02:30:02',7),(780,6,24,3,8,3.25221238938053,0.489795918367347,'2012-02-28 02:30:02',8),(781,7,226,4.61224489795918,49,5,3,'2012-02-28 02:40:01',1),(782,4,166,4.48648648648649,37,4.86366897871323,2.26530612244898,'2012-02-28 02:40:01',2),(783,2,110,3.66666666666667,30,3.97492625368732,1.83673469387755,'2012-02-28 02:40:01',3),(784,1,68,3.23809523809524,21,3.51032448377581,1.28571428571429,'2012-02-28 02:40:01',4),(785,10,16,4,4,4.33628318584071,0.244897959183673,'2012-02-28 02:40:01',5),(786,5,50,3.125,16,3.38772123893805,0.979591836734694,'2012-02-28 02:40:01',6),(787,8,34,3.4,10,3.6858407079646,0.612244897959184,'2012-02-28 02:40:01',7),(788,6,24,3,8,3.25221238938053,0.489795918367347,'2012-02-28 02:40:01',8),(789,7,226,4.61224489795918,49,5,3,'2012-02-28 02:50:01',1),(790,4,166,4.48648648648649,37,4.86366897871323,2.26530612244898,'2012-02-28 02:50:01',2),(791,2,110,3.66666666666667,30,3.97492625368732,1.83673469387755,'2012-02-28 02:50:01',3),(792,1,68,3.23809523809524,21,3.51032448377581,1.28571428571429,'2012-02-28 02:50:01',4),(793,10,16,4,4,4.33628318584071,0.244897959183673,'2012-02-28 02:50:01',5),(794,5,50,3.125,16,3.38772123893805,0.979591836734694,'2012-02-28 02:50:01',6),(795,8,34,3.4,10,3.6858407079646,0.612244897959184,'2012-02-28 02:50:01',7),(796,6,24,3,8,3.25221238938053,0.489795918367347,'2012-02-28 02:50:01',8),(797,7,231,4.62,50,5,3,'2012-02-28 03:00:02',1),(798,4,166,4.48648648648649,37,4.85550485550486,2.22,'2012-02-28 03:00:02',2),(799,2,110,3.66666666666667,30,3.96825396825397,1.8,'2012-02-28 03:00:02',3),(800,1,68,3.23809523809524,21,3.50443207586065,1.26,'2012-02-28 03:00:02',4),(801,10,16,4,4,4.32900432900433,0.24,'2012-02-28 03:00:02',5),(802,5,50,3.125,16,3.38203463203463,0.96,'2012-02-28 03:00:02',6),(803,8,34,3.4,10,3.67965367965368,0.6,'2012-02-28 03:00:02',7),(804,6,24,3,8,3.24675324675325,0.48,'2012-02-28 03:00:02',8),(805,7,231,4.62,50,5,3,'2012-02-28 03:10:02',1),(806,4,166,4.48648648648649,37,4.85550485550486,2.22,'2012-02-28 03:10:02',2),(807,2,110,3.66666666666667,30,3.96825396825397,1.8,'2012-02-28 03:10:02',3),(808,1,68,3.23809523809524,21,3.50443207586065,1.26,'2012-02-28 03:10:02',4),(809,10,16,4,4,4.32900432900433,0.24,'2012-02-28 03:10:02',5),(810,5,50,3.125,16,3.38203463203463,0.96,'2012-02-28 03:10:02',6),(811,8,34,3.4,10,3.67965367965368,0.6,'2012-02-28 03:10:02',7),(812,6,24,3,8,3.24675324675325,0.48,'2012-02-28 03:10:02',8),(813,7,231,4.62,50,5,3,'2012-02-28 03:20:02',1),(814,4,166,4.48648648648649,37,4.85550485550486,2.22,'2012-02-28 03:20:02',2),(815,2,110,3.66666666666667,30,3.96825396825397,1.8,'2012-02-28 03:20:02',3),(816,1,68,3.23809523809524,21,3.50443207586065,1.26,'2012-02-28 03:20:02',4),(817,10,16,4,4,4.32900432900433,0.24,'2012-02-28 03:20:02',5),(818,5,50,3.125,16,3.38203463203463,0.96,'2012-02-28 03:20:02',6),(819,8,34,3.4,10,3.67965367965368,0.6,'2012-02-28 03:20:02',7),(820,6,24,3,8,3.24675324675325,0.48,'2012-02-28 03:20:02',8),(821,7,231,4.62,50,5,3,'2012-02-28 03:30:01',1),(822,4,166,4.48648648648649,37,4.85550485550486,2.22,'2012-02-28 03:30:01',2),(823,2,110,3.66666666666667,30,3.96825396825397,1.8,'2012-02-28 03:30:01',3),(824,1,68,3.23809523809524,21,3.50443207586065,1.26,'2012-02-28 03:30:01',4),(825,10,16,4,4,4.32900432900433,0.24,'2012-02-28 03:30:01',5),(826,5,50,3.125,16,3.38203463203463,0.96,'2012-02-28 03:30:01',6),(827,8,34,3.4,10,3.67965367965368,0.6,'2012-02-28 03:30:01',7),(828,6,24,3,8,3.24675324675325,0.48,'2012-02-28 03:30:01',8),(829,7,231,4.62,50,5,3,'2012-02-28 03:40:01',1),(830,4,174,4.46153846153846,39,4.82850482850483,2.34,'2012-02-28 03:40:01',2),(831,2,112,3.61290322580645,31,3.91006842619746,1.86,'2012-02-28 03:40:01',3),(832,1,68,3.23809523809524,21,3.50443207586065,1.26,'2012-02-28 03:40:01',4),(833,10,16,4,4,4.32900432900433,0.24,'2012-02-28 03:40:01',5),(834,5,50,3.125,16,3.38203463203463,0.96,'2012-02-28 03:40:01',6),(835,8,34,3.4,10,3.67965367965368,0.6,'2012-02-28 03:40:01',7),(836,6,24,3,8,3.24675324675325,0.48,'2012-02-28 03:40:01',8),(837,7,231,4.62,50,5,3,'2012-02-28 03:50:02',1),(838,4,174,4.46153846153846,39,4.82850482850483,2.34,'2012-02-28 03:50:02',2),(839,2,116,3.625,32,3.92316017316017,1.92,'2012-02-28 03:50:02',3),(840,1,72,3.1304347826087,23,3.38791643139469,1.38,'2012-02-28 03:50:02',4),(841,10,16,4,4,4.32900432900433,0.24,'2012-02-28 03:50:02',5),(842,5,50,3.125,16,3.38203463203463,0.96,'2012-02-28 03:50:02',6),(843,8,34,3.4,10,3.67965367965368,0.6,'2012-02-28 03:50:02',7),(844,6,24,3,8,3.24675324675325,0.48,'2012-02-28 03:50:02',8),(845,7,231,4.62,50,5,3,'2012-02-28 04:00:02',1),(846,4,174,4.46153846153846,39,4.82850482850483,2.34,'2012-02-28 04:00:02',2),(847,2,116,3.625,32,3.92316017316017,1.92,'2012-02-28 04:00:02',3),(848,1,72,3.1304347826087,23,3.38791643139469,1.38,'2012-02-28 04:00:02',4),(849,10,16,4,4,4.32900432900433,0.24,'2012-02-28 04:00:02',5),(850,8,39,3.54545454545455,11,3.8370720188902,0.66,'2012-02-28 04:00:02',6),(851,5,50,3.125,16,3.38203463203463,0.96,'2012-02-28 04:00:02',7),(852,6,29,3.22222222222222,9,3.48725348725349,0.54,'2012-02-28 04:00:02',8),(853,7,235,4.51923076923077,52,5,3,'2012-02-28 04:10:01',1),(854,4,174,4.46153846153846,39,4.93617021276596,2.25,'2012-02-28 04:10:01',2),(855,2,116,3.625,32,4.01063829787234,1.84615384615385,'2012-02-28 04:10:01',3),(856,1,72,3.1304347826087,23,3.46345975948196,1.32692307692308,'2012-02-28 04:10:01',4),(857,10,16,4,4,4.42553191489362,0.230769230769231,'2012-02-28 04:10:01',5),(858,8,39,3.54545454545455,11,3.92263056092843,0.634615384615385,'2012-02-28 04:10:01',6),(859,5,50,3.125,16,3.45744680851064,0.923076923076923,'2012-02-28 04:10:01',7),(860,6,31,3.1,10,3.42978723404255,0.576923076923077,'2012-02-28 04:10:01',8),(861,7,235,4.51923076923077,52,5,3,'2012-02-28 04:20:01',1),(862,4,174,4.46153846153846,39,4.93617021276596,2.25,'2012-02-28 04:20:01',2),(863,2,116,3.625,32,4.01063829787234,1.84615384615385,'2012-02-28 04:20:01',3),(864,1,72,3.1304347826087,23,3.46345975948196,1.32692307692308,'2012-02-28 04:20:01',4),(865,8,41,3.41666666666667,12,3.78014184397163,0.692307692307692,'2012-02-28 04:20:01',5),(866,5,50,3.125,16,3.45744680851064,0.923076923076923,'2012-02-28 04:20:01',6),(867,10,21,3.5,6,3.87234042553191,0.346153846153846,'2012-02-28 04:20:01',7),(868,6,31,3.1,10,3.42978723404255,0.576923076923077,'2012-02-28 04:20:01',8),(869,7,235,4.51923076923077,52,5,3,'2012-02-28 04:30:01',1),(870,4,174,4.46153846153846,39,4.93617021276596,2.25,'2012-02-28 04:30:01',2),(871,2,116,3.625,32,4.01063829787234,1.84615384615385,'2012-02-28 04:30:01',3),(872,1,72,3.1304347826087,23,3.46345975948196,1.32692307692308,'2012-02-28 04:30:01',4),(873,8,41,3.41666666666667,12,3.78014184397163,0.692307692307692,'2012-02-28 04:30:01',5),(874,5,50,3.125,16,3.45744680851064,0.923076923076923,'2012-02-28 04:30:01',6),(875,10,21,3.5,6,3.87234042553191,0.346153846153846,'2012-02-28 04:30:01',7),(876,6,31,3.1,10,3.42978723404255,0.576923076923077,'2012-02-28 04:30:01',8),(877,7,239,4.50943396226415,53,5,3,'2012-02-28 04:40:01',1),(878,4,174,4.46153846153846,39,4.94689411007403,2.20754716981132,'2012-02-28 04:40:01',2),(879,2,116,3.625,32,4.01935146443515,1.81132075471698,'2012-02-28 04:40:01',3),(880,1,72,3.1304347826087,23,3.47098417318537,1.30188679245283,'2012-02-28 04:40:01',4),(881,8,48,3.42857142857143,14,3.80155409444112,0.792452830188679,'2012-02-28 04:40:01',5),(882,5,53,3.11764705882353,17,3.45680531626877,0.962264150943396,'2012-02-28 04:40:01',6),(883,10,21,3.5,6,3.88075313807531,0.339622641509434,'2012-02-28 04:40:01',7),(884,6,35,3.18181818181818,11,3.52795739825029,0.622641509433962,'2012-02-28 04:40:01',8),(885,7,239,4.50943396226415,53,5,3,'2012-02-28 04:50:02',1),(886,4,174,4.46153846153846,39,4.94689411007403,2.20754716981132,'2012-02-28 04:50:02',2),(887,2,116,3.625,32,4.01935146443515,1.81132075471698,'2012-02-28 04:50:02',3),(888,1,72,3.1304347826087,23,3.47098417318537,1.30188679245283,'2012-02-28 04:50:02',4),(889,8,48,3.42857142857143,14,3.80155409444112,0.792452830188679,'2012-02-28 04:50:02',5),(890,5,58,3.22222222222222,18,3.57275685727569,1.0188679245283,'2012-02-28 04:50:02',6),(891,10,21,3.5,6,3.88075313807531,0.339622641509434,'2012-02-28 04:50:02',7),(892,6,38,3.16666666666667,12,3.51115760111576,0.679245283018868,'2012-02-28 04:50:02',8),(893,7,239,4.50943396226415,53,5,3,'2012-02-28 05:00:01',1),(894,4,174,4.46153846153846,39,4.94689411007403,2.20754716981132,'2012-02-28 05:00:01',2),(895,2,116,3.625,32,4.01935146443515,1.81132075471698,'2012-02-28 05:00:01',3),(896,1,72,3.1304347826087,23,3.47098417318537,1.30188679245283,'2012-02-28 05:00:01',4),(897,8,48,3.42857142857143,14,3.80155409444112,0.792452830188679,'2012-02-28 05:00:01',5),(898,5,58,3.22222222222222,18,3.57275685727569,1.0188679245283,'2012-02-28 05:00:01',6),(899,10,25,3.57142857142857,7,3.9599521817095,0.39622641509434,'2012-02-28 05:00:01',7),(900,6,38,3.16666666666667,12,3.51115760111576,0.679245283018868,'2012-02-28 05:00:01',8),(901,7,239,4.50943396226415,53,5,3,'2012-02-28 05:10:01',1),(902,4,174,4.46153846153846,39,4.94689411007403,2.20754716981132,'2012-02-28 05:10:01',2),(903,2,116,3.625,32,4.01935146443515,1.81132075471698,'2012-02-28 05:10:01',3),(904,1,72,3.1304347826087,23,3.47098417318537,1.30188679245283,'2012-02-28 05:10:01',4),(905,8,48,3.42857142857143,14,3.80155409444112,0.792452830188679,'2012-02-28 05:10:01',5),(906,5,58,3.22222222222222,18,3.57275685727569,1.0188679245283,'2012-02-28 05:10:01',6),(907,10,25,3.57142857142857,7,3.9599521817095,0.39622641509434,'2012-02-28 05:10:01',7),(908,6,38,3.16666666666667,12,3.51115760111576,0.679245283018868,'2012-02-28 05:10:01',8),(909,7,239,4.50943396226415,53,5,3,'2012-02-28 05:20:02',1),(910,4,174,4.46153846153846,39,4.94689411007403,2.20754716981132,'2012-02-28 05:20:02',2),(911,2,116,3.625,32,4.01935146443515,1.81132075471698,'2012-02-28 05:20:02',3),(912,1,72,3.1304347826087,23,3.47098417318537,1.30188679245283,'2012-02-28 05:20:02',4),(913,8,48,3.42857142857143,14,3.80155409444112,0.792452830188679,'2012-02-28 05:20:02',5),(914,5,58,3.22222222222222,18,3.57275685727569,1.0188679245283,'2012-02-28 05:20:02',6),(915,10,25,3.57142857142857,7,3.9599521817095,0.39622641509434,'2012-02-28 05:20:02',7),(916,6,38,3.16666666666667,12,3.51115760111576,0.679245283018868,'2012-02-28 05:20:02',8),(917,7,239,4.50943396226415,53,5,3,'2012-02-28 05:30:02',1),(918,4,174,4.46153846153846,39,4.94689411007403,2.20754716981132,'2012-02-28 05:30:02',2),(919,2,116,3.625,32,4.01935146443515,1.81132075471698,'2012-02-28 05:30:02',3),(920,1,72,3.1304347826087,23,3.47098417318537,1.30188679245283,'2012-02-28 05:30:02',4),(921,8,48,3.42857142857143,14,3.80155409444112,0.792452830188679,'2012-02-28 05:30:02',5),(922,5,58,3.22222222222222,18,3.57275685727569,1.0188679245283,'2012-02-28 05:30:02',6),(923,10,25,3.57142857142857,7,3.9599521817095,0.39622641509434,'2012-02-28 05:30:02',7),(924,6,38,3.16666666666667,12,3.51115760111576,0.679245283018868,'2012-02-28 05:30:02',8),(925,7,239,4.50943396226415,53,5,3,'2012-02-28 05:40:01',1),(926,4,174,4.46153846153846,39,4.94689411007403,2.20754716981132,'2012-02-28 05:40:01',2),(927,2,116,3.625,32,4.01935146443515,1.81132075471698,'2012-02-28 05:40:01',3),(928,1,72,3.1304347826087,23,3.47098417318537,1.30188679245283,'2012-02-28 05:40:01',4),(929,8,48,3.42857142857143,14,3.80155409444112,0.792452830188679,'2012-02-28 05:40:01',5),(930,5,58,3.22222222222222,18,3.57275685727569,1.0188679245283,'2012-02-28 05:40:01',6),(931,10,25,3.57142857142857,7,3.9599521817095,0.39622641509434,'2012-02-28 05:40:01',7),(932,6,38,3.16666666666667,12,3.51115760111576,0.679245283018868,'2012-02-28 05:40:01',8),(933,7,239,4.50943396226415,53,5,3,'2012-02-28 05:50:02',1),(934,4,174,4.46153846153846,39,4.94689411007403,2.20754716981132,'2012-02-28 05:50:02',2),(935,2,116,3.625,32,4.01935146443515,1.81132075471698,'2012-02-28 05:50:02',3),(936,1,72,3.1304347826087,23,3.47098417318537,1.30188679245283,'2012-02-28 05:50:02',4),(937,8,48,3.42857142857143,14,3.80155409444112,0.792452830188679,'2012-02-28 05:50:02',5),(938,5,58,3.22222222222222,18,3.57275685727569,1.0188679245283,'2012-02-28 05:50:02',6),(939,10,25,3.57142857142857,7,3.9599521817095,0.39622641509434,'2012-02-28 05:50:02',7),(940,6,38,3.16666666666667,12,3.51115760111576,0.679245283018868,'2012-02-28 05:50:02',8),(941,7,239,4.50943396226415,53,5,3,'2012-02-28 06:00:02',1),(942,4,174,4.46153846153846,39,4.94689411007403,2.20754716981132,'2012-02-28 06:00:02',2),(943,2,116,3.625,32,4.01935146443515,1.81132075471698,'2012-02-28 06:00:02',3),(944,1,72,3.1304347826087,23,3.47098417318537,1.30188679245283,'2012-02-28 06:00:02',4),(945,8,48,3.42857142857143,14,3.80155409444112,0.792452830188679,'2012-02-28 06:00:02',5),(946,5,58,3.22222222222222,18,3.57275685727569,1.0188679245283,'2012-02-28 06:00:02',6),(947,10,25,3.57142857142857,7,3.9599521817095,0.39622641509434,'2012-02-28 06:00:02',7),(948,6,38,3.16666666666667,12,3.51115760111576,0.679245283018868,'2012-02-28 06:00:02',8),(949,7,239,4.50943396226415,53,5,3,'2012-02-28 06:10:01',1),(950,4,174,4.46153846153846,39,4.94689411007403,2.20754716981132,'2012-02-28 06:10:01',2),(951,2,116,3.625,32,4.01935146443515,1.81132075471698,'2012-02-28 06:10:01',3),(952,1,72,3.1304347826087,23,3.47098417318537,1.30188679245283,'2012-02-28 06:10:01',4),(953,8,48,3.42857142857143,14,3.80155409444112,0.792452830188679,'2012-02-28 06:10:01',5),(954,5,58,3.22222222222222,18,3.57275685727569,1.0188679245283,'2012-02-28 06:10:01',6),(955,10,25,3.57142857142857,7,3.9599521817095,0.39622641509434,'2012-02-28 06:10:01',7),(956,6,38,3.16666666666667,12,3.51115760111576,0.679245283018868,'2012-02-28 06:10:01',8),(957,7,239,4.50943396226415,53,5,3,'2012-02-28 06:20:01',1),(958,4,174,4.46153846153846,39,4.94689411007403,2.20754716981132,'2012-02-28 06:20:01',2),(959,2,116,3.625,32,4.01935146443515,1.81132075471698,'2012-02-28 06:20:01',3),(960,1,72,3.1304347826087,23,3.47098417318537,1.30188679245283,'2012-02-28 06:20:01',4),(961,8,48,3.42857142857143,14,3.80155409444112,0.792452830188679,'2012-02-28 06:20:01',5),(962,5,58,3.22222222222222,18,3.57275685727569,1.0188679245283,'2012-02-28 06:20:01',6),(963,10,25,3.57142857142857,7,3.9599521817095,0.39622641509434,'2012-02-28 06:20:01',7),(964,6,38,3.16666666666667,12,3.51115760111576,0.679245283018868,'2012-02-28 06:20:01',8),(965,7,239,4.50943396226415,53,5,3,'2012-02-28 06:30:01',1),(966,4,174,4.46153846153846,39,4.94689411007403,2.20754716981132,'2012-02-28 06:30:01',2),(967,2,116,3.625,32,4.01935146443515,1.81132075471698,'2012-02-28 06:30:01',3),(968,1,72,3.1304347826087,23,3.47098417318537,1.30188679245283,'2012-02-28 06:30:01',4),(969,8,48,3.42857142857143,14,3.80155409444112,0.792452830188679,'2012-02-28 06:30:01',5),(970,5,58,3.22222222222222,18,3.57275685727569,1.0188679245283,'2012-02-28 06:30:01',6),(971,10,25,3.57142857142857,7,3.9599521817095,0.39622641509434,'2012-02-28 06:30:01',7),(972,6,38,3.16666666666667,12,3.51115760111576,0.679245283018868,'2012-02-28 06:30:01',8),(973,7,239,4.50943396226415,53,5,3,'2012-02-28 06:40:02',1),(974,4,174,4.46153846153846,39,4.94689411007403,2.20754716981132,'2012-02-28 06:40:02',2),(975,2,116,3.625,32,4.01935146443515,1.81132075471698,'2012-02-28 06:40:02',3),(976,1,72,3.1304347826087,23,3.47098417318537,1.30188679245283,'2012-02-28 06:40:02',4),(977,8,48,3.42857142857143,14,3.80155409444112,0.792452830188679,'2012-02-28 06:40:02',5),(978,5,58,3.22222222222222,18,3.57275685727569,1.0188679245283,'2012-02-28 06:40:02',6),(979,10,25,3.57142857142857,7,3.9599521817095,0.39622641509434,'2012-02-28 06:40:02',7),(980,6,38,3.16666666666667,12,3.51115760111576,0.679245283018868,'2012-02-28 06:40:02',8),(981,7,239,4.50943396226415,53,5,3,'2012-02-28 06:50:02',1),(982,4,174,4.46153846153846,39,4.94689411007403,2.20754716981132,'2012-02-28 06:50:02',2),(983,2,116,3.625,32,4.01935146443515,1.81132075471698,'2012-02-28 06:50:02',3),(984,1,72,3.1304347826087,23,3.47098417318537,1.30188679245283,'2012-02-28 06:50:02',4),(985,8,48,3.42857142857143,14,3.80155409444112,0.792452830188679,'2012-02-28 06:50:02',5),(986,5,58,3.22222222222222,18,3.57275685727569,1.0188679245283,'2012-02-28 06:50:02',6),(987,10,25,3.57142857142857,7,3.9599521817095,0.39622641509434,'2012-02-28 06:50:02',7),(988,6,38,3.16666666666667,12,3.51115760111576,0.679245283018868,'2012-02-28 06:50:02',8),(989,7,239,4.50943396226415,53,5,3,'2012-02-28 07:00:02',1),(990,4,174,4.46153846153846,39,4.94689411007403,2.20754716981132,'2012-02-28 07:00:02',2),(991,2,116,3.625,32,4.01935146443515,1.81132075471698,'2012-02-28 07:00:02',3),(992,1,72,3.1304347826087,23,3.47098417318537,1.30188679245283,'2012-02-28 07:00:02',4),(993,8,48,3.42857142857143,14,3.80155409444112,0.792452830188679,'2012-02-28 07:00:02',5),(994,5,58,3.22222222222222,18,3.57275685727569,1.0188679245283,'2012-02-28 07:00:02',6),(995,10,25,3.57142857142857,7,3.9599521817095,0.39622641509434,'2012-02-28 07:00:02',7),(996,6,38,3.16666666666667,12,3.51115760111576,0.679245283018868,'2012-02-28 07:00:02',8),(997,7,239,4.50943396226415,53,5,3,'2012-02-28 07:10:01',1),(998,4,174,4.46153846153846,39,4.94689411007403,2.20754716981132,'2012-02-28 07:10:01',2),(999,2,116,3.625,32,4.01935146443515,1.81132075471698,'2012-02-28 07:10:01',3),(1000,1,72,3.1304347826087,23,3.47098417318537,1.30188679245283,'2012-02-28 07:10:01',4),(1001,8,48,3.42857142857143,14,3.80155409444112,0.792452830188679,'2012-02-28 07:10:01',5),(1002,5,58,3.22222222222222,18,3.57275685727569,1.0188679245283,'2012-02-28 07:10:01',6),(1003,10,25,3.57142857142857,7,3.9599521817095,0.39622641509434,'2012-02-28 07:10:01',7),(1004,6,38,3.16666666666667,12,3.51115760111576,0.679245283018868,'2012-02-28 07:10:01',8),(1005,7,239,4.50943396226415,53,5,3,'2012-02-28 07:20:02',1),(1006,4,174,4.46153846153846,39,4.94689411007403,2.20754716981132,'2012-02-28 07:20:02',2),(1007,2,116,3.625,32,4.01935146443515,1.81132075471698,'2012-02-28 07:20:02',3),(1008,1,72,3.1304347826087,23,3.47098417318537,1.30188679245283,'2012-02-28 07:20:02',4),(1009,8,48,3.42857142857143,14,3.80155409444112,0.792452830188679,'2012-02-28 07:20:02',5),(1010,5,58,3.22222222222222,18,3.57275685727569,1.0188679245283,'2012-02-28 07:20:02',6),(1011,10,25,3.57142857142857,7,3.9599521817095,0.39622641509434,'2012-02-28 07:20:02',7),(1012,6,38,3.16666666666667,12,3.51115760111576,0.679245283018868,'2012-02-28 07:20:02',8),(1013,7,239,4.50943396226415,53,5,3,'2012-02-28 07:30:01',1),(1014,4,174,4.46153846153846,39,4.94689411007403,2.20754716981132,'2012-02-28 07:30:01',2),(1015,2,116,3.625,32,4.01935146443515,1.81132075471698,'2012-02-28 07:30:01',3),(1016,1,72,3.1304347826087,23,3.47098417318537,1.30188679245283,'2012-02-28 07:30:01',4),(1017,8,48,3.42857142857143,14,3.80155409444112,0.792452830188679,'2012-02-28 07:30:01',5),(1018,5,58,3.22222222222222,18,3.57275685727569,1.0188679245283,'2012-02-28 07:30:01',6),(1019,10,25,3.57142857142857,7,3.9599521817095,0.39622641509434,'2012-02-28 07:30:01',7),(1020,6,38,3.16666666666667,12,3.51115760111576,0.679245283018868,'2012-02-28 07:30:01',8),(1021,7,239,4.50943396226415,53,5,3,'2012-02-28 07:40:02',1),(1022,4,174,4.46153846153846,39,4.94689411007403,2.20754716981132,'2012-02-28 07:40:02',2),(1023,2,116,3.625,32,4.01935146443515,1.81132075471698,'2012-02-28 07:40:02',3),(1024,1,72,3.1304347826087,23,3.47098417318537,1.30188679245283,'2012-02-28 07:40:02',4),(1025,8,48,3.42857142857143,14,3.80155409444112,0.792452830188679,'2012-02-28 07:40:02',5),(1026,5,58,3.22222222222222,18,3.57275685727569,1.0188679245283,'2012-02-28 07:40:02',6),(1027,10,25,3.57142857142857,7,3.9599521817095,0.39622641509434,'2012-02-28 07:40:02',7),(1028,6,38,3.16666666666667,12,3.51115760111576,0.679245283018868,'2012-02-28 07:40:02',8),(1029,7,239,4.50943396226415,53,5,3,'2012-02-28 07:50:01',1),(1030,4,174,4.46153846153846,39,4.94689411007403,2.20754716981132,'2012-02-28 07:50:01',2),(1031,2,116,3.625,32,4.01935146443515,1.81132075471698,'2012-02-28 07:50:01',3),(1032,1,72,3.1304347826087,23,3.47098417318537,1.30188679245283,'2012-02-28 07:50:01',4),(1033,8,48,3.42857142857143,14,3.80155409444112,0.792452830188679,'2012-02-28 07:50:01',5),(1034,5,58,3.22222222222222,18,3.57275685727569,1.0188679245283,'2012-02-28 07:50:01',6),(1035,10,25,3.57142857142857,7,3.9599521817095,0.39622641509434,'2012-02-28 07:50:01',7),(1036,6,38,3.16666666666667,12,3.51115760111576,0.679245283018868,'2012-02-28 07:50:01',8),(1037,7,239,4.50943396226415,53,5,3,'2012-02-28 08:00:02',1),(1038,4,174,4.46153846153846,39,4.94689411007403,2.20754716981132,'2012-02-28 08:00:02',2),(1039,2,116,3.625,32,4.01935146443515,1.81132075471698,'2012-02-28 08:00:02',3),(1040,1,72,3.1304347826087,23,3.47098417318537,1.30188679245283,'2012-02-28 08:00:02',4),(1041,8,48,3.42857142857143,14,3.80155409444112,0.792452830188679,'2012-02-28 08:00:02',5),(1042,5,58,3.22222222222222,18,3.57275685727569,1.0188679245283,'2012-02-28 08:00:02',6),(1043,10,25,3.57142857142857,7,3.9599521817095,0.39622641509434,'2012-02-28 08:00:02',7),(1044,6,38,3.16666666666667,12,3.51115760111576,0.679245283018868,'2012-02-28 08:00:02',8),(1045,7,240,4.44444444444444,54,5,3,'2012-02-28 08:10:02',1),(1046,4,175,4.375,40,4.921875,2.22222222222222,'2012-02-28 08:10:02',2),(1047,2,121,3.66666666666667,33,4.125,1.83333333333333,'2012-02-28 08:10:02',3),(1048,1,77,3.20833333333333,24,3.609375,1.33333333333333,'2012-02-28 08:10:02',4),(1049,10,30,3.75,8,4.21875,0.444444444444444,'2012-02-28 08:10:02',5),(1050,5,58,3.22222222222222,18,3.625,1,'2012-02-28 08:10:02',6),(1051,8,49,3.26666666666667,15,3.675,0.833333333333333,'2012-02-28 08:10:02',7),(1052,6,43,3.30769230769231,13,3.72115384615385,0.722222222222222,'2012-02-28 08:10:02',8),(1053,7,240,4.44444444444444,54,5,3,'2012-02-28 08:20:02',1),(1054,4,175,4.375,40,4.921875,2.22222222222222,'2012-02-28 08:20:02',2),(1055,2,121,3.66666666666667,33,4.125,1.83333333333333,'2012-02-28 08:20:02',3),(1056,1,77,3.20833333333333,24,3.609375,1.33333333333333,'2012-02-28 08:20:02',4),(1057,10,30,3.75,8,4.21875,0.444444444444444,'2012-02-28 08:20:02',5),(1058,5,58,3.22222222222222,18,3.625,1,'2012-02-28 08:20:02',6),(1059,8,49,3.26666666666667,15,3.675,0.833333333333333,'2012-02-28 08:20:02',7),(1060,6,43,3.30769230769231,13,3.72115384615385,0.722222222222222,'2012-02-28 08:20:02',8),(1061,7,240,4.44444444444444,54,5,3,'2012-02-28 08:30:02',1),(1062,4,175,4.375,40,4.921875,2.22222222222222,'2012-02-28 08:30:02',2),(1063,2,121,3.66666666666667,33,4.125,1.83333333333333,'2012-02-28 08:30:02',3),(1064,1,77,3.20833333333333,24,3.609375,1.33333333333333,'2012-02-28 08:30:02',4),(1065,10,30,3.75,8,4.21875,0.444444444444444,'2012-02-28 08:30:02',5),(1066,5,58,3.22222222222222,18,3.625,1,'2012-02-28 08:30:02',6),(1067,8,49,3.26666666666667,15,3.675,0.833333333333333,'2012-02-28 08:30:02',7),(1068,6,43,3.30769230769231,13,3.72115384615385,0.722222222222222,'2012-02-28 08:30:02',8),(1069,7,240,4.44444444444444,54,5,3,'2012-02-28 08:40:01',1),(1070,4,175,4.375,40,4.921875,2.22222222222222,'2012-02-28 08:40:01',2),(1071,2,121,3.66666666666667,33,4.125,1.83333333333333,'2012-02-28 08:40:01',3),(1072,1,77,3.20833333333333,24,3.609375,1.33333333333333,'2012-02-28 08:40:01',4),(1073,10,30,3.75,8,4.21875,0.444444444444444,'2012-02-28 08:40:01',5),(1074,5,58,3.22222222222222,18,3.625,1,'2012-02-28 08:40:01',6),(1075,8,49,3.26666666666667,15,3.675,0.833333333333333,'2012-02-28 08:40:01',7),(1076,6,43,3.30769230769231,13,3.72115384615385,0.722222222222222,'2012-02-28 08:40:01',8),(1077,7,240,4.44444444444444,54,5,3,'2012-02-28 08:50:01',1),(1078,4,175,4.375,40,4.921875,2.22222222222222,'2012-02-28 08:50:01',2),(1079,2,121,3.66666666666667,33,4.125,1.83333333333333,'2012-02-28 08:50:01',3),(1080,1,77,3.20833333333333,24,3.609375,1.33333333333333,'2012-02-28 08:50:01',4),(1081,10,35,3.88888888888889,9,4.375,0.5,'2012-02-28 08:50:01',5),(1082,5,58,3.22222222222222,18,3.625,1,'2012-02-28 08:50:01',6),(1083,8,49,3.26666666666667,15,3.675,0.833333333333333,'2012-02-28 08:50:01',7),(1084,6,43,3.30769230769231,13,3.72115384615385,0.722222222222222,'2012-02-28 08:50:01',8),(1085,7,240,4.44444444444444,54,5,3,'2012-02-28 09:00:02',1),(1086,4,175,4.375,40,4.921875,2.22222222222222,'2012-02-28 09:00:02',2),(1087,2,121,3.66666666666667,33,4.125,1.83333333333333,'2012-02-28 09:00:02',3),(1088,1,77,3.20833333333333,24,3.609375,1.33333333333333,'2012-02-28 09:00:02',4),(1089,10,35,3.88888888888889,9,4.375,0.5,'2012-02-28 09:00:02',5),(1090,5,58,3.22222222222222,18,3.625,1,'2012-02-28 09:00:02',6),(1091,8,49,3.26666666666667,15,3.675,0.833333333333333,'2012-02-28 09:00:02',7),(1092,6,43,3.30769230769231,13,3.72115384615385,0.722222222222222,'2012-02-28 09:00:02',8),(1093,7,245,4.45454545454545,55,5,3,'2012-02-28 09:10:01',1),(1094,4,175,4.375,40,4.91071428571429,2.18181818181818,'2012-02-28 09:10:01',2),(1095,2,121,3.66666666666667,33,4.1156462585034,1.8,'2012-02-28 09:10:01',3),(1096,1,77,3.20833333333333,24,3.60119047619048,1.30909090909091,'2012-02-28 09:10:01',4),(1097,10,35,3.88888888888889,9,4.36507936507937,0.490909090909091,'2012-02-28 09:10:01',5),(1098,5,58,3.22222222222222,18,3.61678004535147,0.981818181818182,'2012-02-28 09:10:01',6),(1099,8,49,3.26666666666667,15,3.66666666666667,0.818181818181818,'2012-02-28 09:10:01',7),(1100,6,43,3.30769230769231,13,3.712715855573,0.709090909090909,'2012-02-28 09:10:01',8),(1101,7,250,4.46428571428571,56,5,3,'2012-02-28 09:20:01',1),(1102,4,180,4.39024390243902,41,4.91707317073171,2.19642857142857,'2012-02-28 09:20:01',2),(1103,2,121,3.66666666666667,33,4.10666666666667,1.76785714285714,'2012-02-28 09:20:01',3),(1104,1,77,3.20833333333333,24,3.59333333333333,1.28571428571429,'2012-02-28 09:20:01',4),(1105,10,35,3.88888888888889,9,4.35555555555556,0.482142857142857,'2012-02-28 09:20:01',5),(1106,5,58,3.22222222222222,18,3.60888888888889,0.964285714285714,'2012-02-28 09:20:01',6),(1107,8,49,3.26666666666667,15,3.65866666666667,0.803571428571429,'2012-02-28 09:20:01',7),(1108,6,43,3.30769230769231,13,3.70461538461538,0.696428571428571,'2012-02-28 09:20:01',8),(1109,7,256,4.41379310344828,58,5,3,'2012-02-28 09:30:02',1),(1110,4,181,4.30952380952381,42,4.88188244047619,2.17241379310345,'2012-02-28 09:30:02',2),(1111,2,126,3.70588235294118,34,4.19806985294118,1.75862068965517,'2012-02-28 09:30:02',3),(1112,1,77,3.20833333333333,24,3.63444010416667,1.24137931034483,'2012-02-28 09:30:02',4),(1113,10,35,3.88888888888889,9,4.40538194444444,0.46551724137931,'2012-02-28 09:30:02',5),(1114,5,64,3.2,20,3.625,1.03448275862069,'2012-02-28 09:30:02',6),(1115,8,49,3.26666666666667,15,3.70052083333333,0.775862068965517,'2012-02-28 09:30:02',7),(1116,6,43,3.30769230769231,13,3.74699519230769,0.672413793103448,'2012-02-28 09:30:02',8),(1117,7,262,4.36666666666667,60,5,3,'2012-02-28 09:40:01',1),(1118,4,186,4.32558139534884,43,4.95295579620096,2.15,'2012-02-28 09:40:01',2),(1119,2,127,3.62857142857143,35,4.15485278080698,1.75,'2012-02-28 09:40:01',3),(1120,10,45,4.09090909090909,11,4.68424705065926,0.55,'2012-02-28 09:40:01',4),(1121,1,82,3.28,25,3.75572519083969,1.25,'2012-02-28 09:40:01',5),(1122,8,59,3.47058823529412,17,3.97395599461159,0.85,'2012-02-28 09:40:01',6),(1123,5,69,3.28571428571429,21,3.76226826608506,1.05,'2012-02-28 09:40:01',7),(1124,6,43,3.30769230769231,13,3.7874339401057,0.65,'2012-02-28 09:40:01',8),(1125,7,262,4.36666666666667,60,5,3,'2012-02-28 09:50:01',1),(1126,4,186,4.32558139534884,43,4.95295579620096,2.15,'2012-02-28 09:50:01',2),(1127,2,127,3.62857142857143,35,4.15485278080698,1.75,'2012-02-28 09:50:01',3),(1128,10,45,4.09090909090909,11,4.68424705065926,0.55,'2012-02-28 09:50:01',4),(1129,1,82,3.28,25,3.75572519083969,1.25,'2012-02-28 09:50:01',5),(1130,8,59,3.47058823529412,17,3.97395599461159,0.85,'2012-02-28 09:50:01',6),(1131,5,69,3.28571428571429,21,3.76226826608506,1.05,'2012-02-28 09:50:01',7),(1132,6,43,3.30769230769231,13,3.7874339401057,0.65,'2012-02-28 09:50:01',8),(1133,7,262,4.36666666666667,60,5,3,'2012-02-28 10:00:01',1),(1134,4,186,4.32558139534884,43,4.95295579620096,2.15,'2012-02-28 10:00:01',2),(1135,2,127,3.62857142857143,35,4.15485278080698,1.75,'2012-02-28 10:00:01',3),(1136,10,45,4.09090909090909,11,4.68424705065926,0.55,'2012-02-28 10:00:01',4),(1137,1,82,3.28,25,3.75572519083969,1.25,'2012-02-28 10:00:01',5),(1138,8,59,3.47058823529412,17,3.97395599461159,0.85,'2012-02-28 10:00:01',6),(1139,5,69,3.28571428571429,21,3.76226826608506,1.05,'2012-02-28 10:00:01',7),(1140,6,43,3.30769230769231,13,3.7874339401057,0.65,'2012-02-28 10:00:01',8),(1141,7,267,4.37704918032787,61,5,3,'2012-02-28 10:10:01',1),(1142,4,187,4.25,44,4.85486891385768,2.16393442622951,'2012-02-28 10:10:01',2),(1143,2,132,3.66666666666667,36,4.18851435705368,1.77049180327869,'2012-02-28 10:10:01',3),(1144,10,50,4.16666666666667,12,4.75967540574282,0.590163934426229,'2012-02-28 10:10:01',4),(1145,1,82,3.28,25,3.74681647940075,1.22950819672131,'2012-02-28 10:10:01',5),(1146,8,64,3.55555555555556,18,4.06158967956721,0.885245901639344,'2012-02-28 10:10:01',6),(1147,5,70,3.18181818181818,22,3.63466121893088,1.08196721311475,'2012-02-28 10:10:01',7),(1148,6,44,3.14285714285714,14,3.59015516318887,0.688524590163934,'2012-02-28 10:10:01',8),(1149,7,267,4.37704918032787,61,5,3,'2012-02-28 10:20:02',1),(1150,4,187,4.25,44,4.85486891385768,2.16393442622951,'2012-02-28 10:20:02',2),(1151,2,132,3.66666666666667,36,4.18851435705368,1.77049180327869,'2012-02-28 10:20:02',3),(1152,10,50,4.16666666666667,12,4.75967540574282,0.590163934426229,'2012-02-28 10:20:02',4),(1153,1,82,3.28,25,3.74681647940075,1.22950819672131,'2012-02-28 10:20:02',5),(1154,8,64,3.55555555555556,18,4.06158967956721,0.885245901639344,'2012-02-28 10:20:02',6),(1155,5,70,3.18181818181818,22,3.63466121893088,1.08196721311475,'2012-02-28 10:20:02',7),(1156,6,44,3.14285714285714,14,3.59015516318887,0.688524590163934,'2012-02-28 10:20:02',8),(1157,7,267,4.37704918032787,61,5,3,'2012-02-28 10:30:02',1),(1158,4,187,4.25,44,4.85486891385768,2.16393442622951,'2012-02-28 10:30:02',2),(1159,2,132,3.66666666666667,36,4.18851435705368,1.77049180327869,'2012-02-28 10:30:02',3),(1160,10,50,4.16666666666667,12,4.75967540574282,0.590163934426229,'2012-02-28 10:30:02',4),(1161,1,82,3.28,25,3.74681647940075,1.22950819672131,'2012-02-28 10:30:02',5),(1162,8,64,3.55555555555556,18,4.06158967956721,0.885245901639344,'2012-02-28 10:30:02',6),(1163,5,70,3.18181818181818,22,3.63466121893088,1.08196721311475,'2012-02-28 10:30:02',7),(1164,6,44,3.14285714285714,14,3.59015516318887,0.688524590163934,'2012-02-28 10:30:02',8),(1165,7,267,4.37704918032787,61,5,3,'2012-02-28 10:40:01',1),(1166,4,187,4.25,44,4.85486891385768,2.16393442622951,'2012-02-28 10:40:01',2),(1167,2,132,3.66666666666667,36,4.18851435705368,1.77049180327869,'2012-02-28 10:40:01',3),(1168,10,50,4.16666666666667,12,4.75967540574282,0.590163934426229,'2012-02-28 10:40:01',4),(1169,1,82,3.28,25,3.74681647940075,1.22950819672131,'2012-02-28 10:40:01',5),(1170,8,64,3.55555555555556,18,4.06158967956721,0.885245901639344,'2012-02-28 10:40:01',6),(1171,5,70,3.18181818181818,22,3.63466121893088,1.08196721311475,'2012-02-28 10:40:01',7),(1172,6,44,3.14285714285714,14,3.59015516318887,0.688524590163934,'2012-02-28 10:40:01',8),(1173,7,267,4.37704918032787,61,5,3,'2012-02-28 10:50:02',1),(1174,4,187,4.25,44,4.85486891385768,2.16393442622951,'2012-02-28 10:50:02',2),(1175,2,132,3.66666666666667,36,4.18851435705368,1.77049180327869,'2012-02-28 10:50:02',3),(1176,10,50,4.16666666666667,12,4.75967540574282,0.590163934426229,'2012-02-28 10:50:02',4),(1177,1,82,3.28,25,3.74681647940075,1.22950819672131,'2012-02-28 10:50:02',5),(1178,8,64,3.55555555555556,18,4.06158967956721,0.885245901639344,'2012-02-28 10:50:02',6),(1179,5,70,3.18181818181818,22,3.63466121893088,1.08196721311475,'2012-02-28 10:50:02',7),(1180,6,44,3.14285714285714,14,3.59015516318887,0.688524590163934,'2012-02-28 10:50:02',8),(1181,7,267,4.37704918032787,61,5,3,'2012-02-28 11:00:02',1),(1182,4,187,4.25,44,4.85486891385768,2.16393442622951,'2012-02-28 11:00:02',2),(1183,2,132,3.66666666666667,36,4.18851435705368,1.77049180327869,'2012-02-28 11:00:02',3),(1184,10,50,4.16666666666667,12,4.75967540574282,0.590163934426229,'2012-02-28 11:00:02',4),(1185,1,82,3.28,25,3.74681647940075,1.22950819672131,'2012-02-28 11:00:02',5),(1186,8,64,3.55555555555556,18,4.06158967956721,0.885245901639344,'2012-02-28 11:00:02',6),(1187,5,70,3.18181818181818,22,3.63466121893088,1.08196721311475,'2012-02-28 11:00:02',7),(1188,6,44,3.14285714285714,14,3.59015516318887,0.688524590163934,'2012-02-28 11:00:02',8),(1189,7,267,4.37704918032787,61,5,3,'2012-02-28 11:10:02',1),(1190,4,187,4.25,44,4.85486891385768,2.16393442622951,'2012-02-28 11:10:02',2),(1191,2,132,3.66666666666667,36,4.18851435705368,1.77049180327869,'2012-02-28 11:10:02',3),(1192,10,50,4.16666666666667,12,4.75967540574282,0.590163934426229,'2012-02-28 11:10:02',4),(1193,1,82,3.28,25,3.74681647940075,1.22950819672131,'2012-02-28 11:10:02',5),(1194,8,64,3.55555555555556,18,4.06158967956721,0.885245901639344,'2012-02-28 11:10:02',6),(1195,5,70,3.18181818181818,22,3.63466121893088,1.08196721311475,'2012-02-28 11:10:02',7),(1196,6,44,3.14285714285714,14,3.59015516318887,0.688524590163934,'2012-02-28 11:10:02',8),(1197,7,268,4.32258064516129,62,5,3,'2012-02-28 11:20:01',1),(1198,4,188,4.17777777777778,45,4.83250414593698,2.17741935483871,'2012-02-28 11:20:01',2),(1199,2,137,3.7027027027027,37,4.2829770068576,1.79032258064516,'2012-02-28 11:20:01',3),(1200,10,55,4.23076923076923,13,4.89380022962113,0.629032258064516,'2012-02-28 11:20:01',4),(1201,1,82,3.28,25,3.79402985074627,1.20967741935484,'2012-02-28 11:20:01',5),(1202,8,64,3.55555555555556,18,4.11276948590382,0.870967741935484,'2012-02-28 11:20:01',6),(1203,5,75,3.26086956521739,23,3.77190136275146,1.11290322580645,'2012-02-28 11:20:01',7),(1204,6,44,3.14285714285714,14,3.63539445628998,0.67741935483871,'2012-02-28 11:20:01',8),(1205,7,273,4.33333333333333,63,5,3,'2012-02-28 11:30:01',1),(1206,4,193,4.19565217391304,46,4.84113712374582,2.19047619047619,'2012-02-28 11:30:01',2),(1207,2,142,3.73684210526316,38,4.31174089068826,1.80952380952381,'2012-02-28 11:30:01',3),(1208,10,55,4.23076923076923,13,4.88165680473373,0.619047619047619,'2012-02-28 11:30:01',4),(1209,1,82,3.28,25,3.78461538461538,1.19047619047619,'2012-02-28 11:30:01',5),(1210,8,64,3.55555555555556,18,4.1025641025641,0.857142857142857,'2012-02-28 11:30:01',6),(1211,5,75,3.26086956521739,23,3.76254180602007,1.0952380952381,'2012-02-28 11:30:01',7),(1212,6,44,3.14285714285714,14,3.62637362637363,0.666666666666667,'2012-02-28 11:30:01',8),(1213,7,273,4.33333333333333,63,5,3,'2012-02-28 11:40:01',1),(1214,4,193,4.19565217391304,46,4.84113712374582,2.19047619047619,'2012-02-28 11:40:01',2),(1215,2,142,3.73684210526316,38,4.31174089068826,1.80952380952381,'2012-02-28 11:40:01',3),(1216,10,55,4.23076923076923,13,4.88165680473373,0.619047619047619,'2012-02-28 11:40:01',4),(1217,1,82,3.28,25,3.78461538461538,1.19047619047619,'2012-02-28 11:40:01',5),(1218,8,64,3.55555555555556,18,4.1025641025641,0.857142857142857,'2012-02-28 11:40:01',6),(1219,5,75,3.26086956521739,23,3.76254180602007,1.0952380952381,'2012-02-28 11:40:01',7),(1220,6,44,3.14285714285714,14,3.62637362637363,0.666666666666667,'2012-02-28 11:40:01',8),(1221,7,273,4.33333333333333,63,5,3,'2012-02-28 11:50:02',1),(1222,4,193,4.19565217391304,46,4.84113712374582,2.19047619047619,'2012-02-28 11:50:02',2),(1223,2,142,3.73684210526316,38,4.31174089068826,1.80952380952381,'2012-02-28 11:50:02',3),(1224,10,55,4.23076923076923,13,4.88165680473373,0.619047619047619,'2012-02-28 11:50:02',4),(1225,1,82,3.28,25,3.78461538461538,1.19047619047619,'2012-02-28 11:50:02',5),(1226,8,64,3.55555555555556,18,4.1025641025641,0.857142857142857,'2012-02-28 11:50:02',6),(1227,5,75,3.26086956521739,23,3.76254180602007,1.0952380952381,'2012-02-28 11:50:02',7),(1228,6,44,3.14285714285714,14,3.62637362637363,0.666666666666667,'2012-02-28 11:50:02',8),(1229,7,273,4.33333333333333,63,5,3,'2012-02-28 12:00:01',1),(1230,4,193,4.19565217391304,46,4.84113712374582,2.19047619047619,'2012-02-28 12:00:01',2),(1231,2,142,3.73684210526316,38,4.31174089068826,1.80952380952381,'2012-02-28 12:00:01',3),(1232,10,55,4.23076923076923,13,4.88165680473373,0.619047619047619,'2012-02-28 12:00:01',4),(1233,1,82,3.28,25,3.78461538461538,1.19047619047619,'2012-02-28 12:00:01',5),(1234,8,64,3.55555555555556,18,4.1025641025641,0.857142857142857,'2012-02-28 12:00:01',6),(1235,5,75,3.26086956521739,23,3.76254180602007,1.0952380952381,'2012-02-28 12:00:01',7),(1236,6,44,3.14285714285714,14,3.62637362637363,0.666666666666667,'2012-02-28 12:00:01',8),(1237,7,273,4.33333333333333,63,5,3,'2012-02-28 12:10:02',1),(1238,4,193,4.19565217391304,46,4.84113712374582,2.19047619047619,'2012-02-28 12:10:02',2),(1239,2,142,3.73684210526316,38,4.31174089068826,1.80952380952381,'2012-02-28 12:10:02',3),(1240,10,55,4.23076923076923,13,4.88165680473373,0.619047619047619,'2012-02-28 12:10:02',4),(1241,1,82,3.28,25,3.78461538461538,1.19047619047619,'2012-02-28 12:10:02',5),(1242,8,64,3.55555555555556,18,4.1025641025641,0.857142857142857,'2012-02-28 12:10:02',6),(1243,5,75,3.26086956521739,23,3.76254180602007,1.0952380952381,'2012-02-28 12:10:02',7),(1244,6,44,3.14285714285714,14,3.62637362637363,0.666666666666667,'2012-02-28 12:10:02',8),(1245,7,273,4.33333333333333,63,5,3,'2012-02-28 12:20:02',1),(1246,4,193,4.19565217391304,46,4.84113712374582,2.19047619047619,'2012-02-28 12:20:02',2),(1247,2,142,3.73684210526316,38,4.31174089068826,1.80952380952381,'2012-02-28 12:20:02',3),(1248,10,55,4.23076923076923,13,4.88165680473373,0.619047619047619,'2012-02-28 12:20:02',4),(1249,1,87,3.34615384615385,26,3.86094674556213,1.23809523809524,'2012-02-28 12:20:02',5),(1250,8,64,3.55555555555556,18,4.1025641025641,0.857142857142857,'2012-02-28 12:20:02',6),(1251,5,75,3.26086956521739,23,3.76254180602007,1.0952380952381,'2012-02-28 12:20:02',7),(1252,6,44,3.14285714285714,14,3.62637362637363,0.666666666666667,'2012-02-28 12:20:02',8),(1253,11,0,0,0,0,0,'2012-02-28 12:20:02',9),(1254,7,273,4.33333333333333,63,4.33333333333333,3,'2012-02-28 12:30:02',1),(1255,4,193,4.19565217391304,46,4.19565217391304,2.19047619047619,'2012-02-28 12:30:02',2),(1256,2,142,3.73684210526316,38,3.73684210526316,1.80952380952381,'2012-02-28 12:30:02',3),(1257,11,10,5,2,5,0.0952380952380952,'2012-02-28 12:30:02',4),(1258,10,55,4.23076923076923,13,4.23076923076923,0.619047619047619,'2012-02-28 12:30:02',5),(1259,1,87,3.34615384615385,26,3.34615384615385,1.23809523809524,'2012-02-28 12:30:02',6),(1260,8,64,3.55555555555556,18,3.55555555555556,0.857142857142857,'2012-02-28 12:30:02',7),(1261,5,75,3.26086956521739,23,3.26086956521739,1.0952380952381,'2012-02-28 12:30:02',8),(1262,6,44,3.14285714285714,14,3.14285714285714,0.666666666666667,'2012-02-28 12:30:02',9),(1263,7,273,4.33333333333333,63,5,3,'2012-02-28 12:40:01',1),(1264,4,193,4.19565217391304,46,4.84113712374582,2.19047619047619,'2012-02-28 12:40:01',2),(1265,2,147,3.76923076923077,39,4.3491124260355,1.85714285714286,'2012-02-28 12:40:01',3),(1266,10,55,4.23076923076923,13,4.88165680473373,0.619047619047619,'2012-02-28 12:40:01',4),(1267,1,87,3.34615384615385,26,3.86094674556213,1.23809523809524,'2012-02-28 12:40:01',5),(1268,8,64,3.55555555555556,18,4.1025641025641,0.857142857142857,'2012-02-28 12:40:01',6),(1269,5,75,3.26086956521739,23,3.76254180602007,1.0952380952381,'2012-02-28 12:40:01',7),(1270,11,16,4,4,4.61538461538462,0.19047619047619,'2012-02-28 12:40:01',8),(1271,6,44,3.14285714285714,14,3.62637362637363,0.666666666666667,'2012-02-28 12:40:01',9),(1272,7,273,4.33333333333333,63,5,3,'2012-02-28 12:50:01',1),(1273,4,193,4.19565217391304,46,4.84113712374582,2.19047619047619,'2012-02-28 12:50:01',2),(1274,2,147,3.76923076923077,39,4.3491124260355,1.85714285714286,'2012-02-28 12:50:01',3),(1275,10,55,4.23076923076923,13,4.88165680473373,0.619047619047619,'2012-02-28 12:50:01',4),(1276,1,87,3.34615384615385,26,3.86094674556213,1.23809523809524,'2012-02-28 12:50:01',5),(1277,8,64,3.55555555555556,18,4.1025641025641,0.857142857142857,'2012-02-28 12:50:01',6),(1278,5,75,3.26086956521739,23,3.76254180602007,1.0952380952381,'2012-02-28 12:50:01',7),(1279,11,16,4,4,4.61538461538462,0.19047619047619,'2012-02-28 12:50:01',8),(1280,6,44,3.14285714285714,14,3.62637362637363,0.666666666666667,'2012-02-28 12:50:01',9),(1281,7,273,4.33333333333333,63,5,3,'2012-02-28 13:00:02',1),(1282,4,193,4.19565217391304,46,4.84113712374582,2.19047619047619,'2012-02-28 13:00:02',2),(1283,2,147,3.76923076923077,39,4.3491124260355,1.85714285714286,'2012-02-28 13:00:02',3),(1284,10,55,4.23076923076923,13,4.88165680473373,0.619047619047619,'2012-02-28 13:00:02',4),(1285,11,26,4.33333333333333,6,5,0.285714285714286,'2012-02-28 13:00:02',5),(1286,1,87,3.34615384615385,26,3.86094674556213,1.23809523809524,'2012-02-28 13:00:02',6),(1287,8,64,3.55555555555556,18,4.1025641025641,0.857142857142857,'2012-02-28 13:00:02',7),(1288,5,75,3.26086956521739,23,3.76254180602007,1.0952380952381,'2012-02-28 13:00:02',8),(1289,6,44,3.14285714285714,14,3.62637362637363,0.666666666666667,'2012-02-28 13:00:02',9),(1290,7,273,4.33333333333333,63,5,3,'2012-02-28 13:10:01',1),(1291,4,198,4.21276595744681,47,4.86088379705401,2.23809523809524,'2012-02-28 13:10:01',2),(1292,2,147,3.76923076923077,39,4.3491124260355,1.85714285714286,'2012-02-28 13:10:01',3),(1293,10,55,4.23076923076923,13,4.88165680473373,0.619047619047619,'2012-02-28 13:10:01',4),(1294,11,26,4.33333333333333,6,5,0.285714285714286,'2012-02-28 13:10:01',5),(1295,1,87,3.34615384615385,26,3.86094674556213,1.23809523809524,'2012-02-28 13:10:01',6),(1296,8,64,3.55555555555556,18,4.1025641025641,0.857142857142857,'2012-02-28 13:10:01',7),(1297,5,75,3.26086956521739,23,3.76254180602007,1.0952380952381,'2012-02-28 13:10:01',8),(1298,6,44,3.14285714285714,14,3.62637362637363,0.666666666666667,'2012-02-28 13:10:01',9),(1299,7,273,4.33333333333333,63,5,3,'2012-02-28 13:20:01',1),(1300,4,198,4.21276595744681,47,4.86088379705401,2.23809523809524,'2012-02-28 13:20:01',2),(1301,2,147,3.76923076923077,39,4.3491124260355,1.85714285714286,'2012-02-28 13:20:01',3),(1302,10,55,4.23076923076923,13,4.88165680473373,0.619047619047619,'2012-02-28 13:20:01',4),(1303,11,26,4.33333333333333,6,5,0.285714285714286,'2012-02-28 13:20:01',5),(1304,1,87,3.34615384615385,26,3.86094674556213,1.23809523809524,'2012-02-28 13:20:01',6),(1305,8,64,3.55555555555556,18,4.1025641025641,0.857142857142857,'2012-02-28 13:20:01',7),(1306,5,75,3.26086956521739,23,3.76254180602007,1.0952380952381,'2012-02-28 13:20:01',8),(1307,6,44,3.14285714285714,14,3.62637362637363,0.666666666666667,'2012-02-28 13:20:01',9),(1308,7,273,4.33333333333333,63,5,3,'2012-02-28 13:30:01',1),(1309,4,198,4.21276595744681,47,4.86088379705401,2.23809523809524,'2012-02-28 13:30:01',2),(1310,2,147,3.76923076923077,39,4.3491124260355,1.85714285714286,'2012-02-28 13:30:01',3),(1311,10,55,4.23076923076923,13,4.88165680473373,0.619047619047619,'2012-02-28 13:30:01',4),(1312,11,26,4.33333333333333,6,5,0.285714285714286,'2012-02-28 13:30:01',5),(1313,1,87,3.34615384615385,26,3.86094674556213,1.23809523809524,'2012-02-28 13:30:01',6),(1314,8,64,3.55555555555556,18,4.1025641025641,0.857142857142857,'2012-02-28 13:30:01',7),(1315,5,75,3.26086956521739,23,3.76254180602007,1.0952380952381,'2012-02-28 13:30:01',8),(1316,6,44,3.14285714285714,14,3.62637362637363,0.666666666666667,'2012-02-28 13:30:01',9),(1317,7,273,4.33333333333333,63,5,3,'2012-02-28 13:40:02',1),(1318,4,198,4.21276595744681,47,4.86088379705401,2.23809523809524,'2012-02-28 13:40:02',2),(1319,2,147,3.76923076923077,39,4.3491124260355,1.85714285714286,'2012-02-28 13:40:02',3),(1320,10,55,4.23076923076923,13,4.88165680473373,0.619047619047619,'2012-02-28 13:40:02',4),(1321,11,26,4.33333333333333,6,5,0.285714285714286,'2012-02-28 13:40:02',5),(1322,1,87,3.34615384615385,26,3.86094674556213,1.23809523809524,'2012-02-28 13:40:02',6),(1323,8,64,3.55555555555556,18,4.1025641025641,0.857142857142857,'2012-02-28 13:40:02',7),(1324,5,75,3.26086956521739,23,3.76254180602007,1.0952380952381,'2012-02-28 13:40:02',8),(1325,6,44,3.14285714285714,14,3.62637362637363,0.666666666666667,'2012-02-28 13:40:02',9),(1326,7,273,4.33333333333333,63,5,3,'2012-02-28 13:50:01',1),(1327,4,203,4.22916666666667,48,4.87980769230769,2.28571428571429,'2012-02-28 13:50:01',2),(1328,2,147,3.76923076923077,39,4.3491124260355,1.85714285714286,'2012-02-28 13:50:01',3),(1329,10,55,4.23076923076923,13,4.88165680473373,0.619047619047619,'2012-02-28 13:50:01',4),(1330,11,26,4.33333333333333,6,5,0.285714285714286,'2012-02-28 13:50:01',5),(1331,1,87,3.34615384615385,26,3.86094674556213,1.23809523809524,'2012-02-28 13:50:01',6),(1332,8,64,3.55555555555556,18,4.1025641025641,0.857142857142857,'2012-02-28 13:50:01',7),(1333,5,75,3.26086956521739,23,3.76254180602007,1.0952380952381,'2012-02-28 13:50:01',8),(1334,6,44,3.14285714285714,14,3.62637362637363,0.666666666666667,'2012-02-28 13:50:01',9),(1335,7,273,4.33333333333333,63,4.89247311827957,3,'2012-02-28 14:00:02',1),(1336,4,203,4.22916666666667,48,4.77486559139785,2.28571428571429,'2012-02-28 14:00:02',2),(1337,2,147,3.76923076923077,39,4.25558312655087,1.85714285714286,'2012-02-28 14:00:02',3),(1338,10,60,4.28571428571429,14,4.83870967741935,0.666666666666667,'2012-02-28 14:00:02',4),(1339,11,31,4.42857142857143,7,5,0.333333333333333,'2012-02-28 14:00:02',5),(1340,1,87,3.34615384615385,26,3.77791563275434,1.23809523809524,'2012-02-28 14:00:02',6),(1341,8,64,3.55555555555556,18,4.01433691756272,0.857142857142857,'2012-02-28 14:00:02',7),(1342,5,75,3.26086956521739,23,3.68162692847125,1.0952380952381,'2012-02-28 14:00:02',8),(1343,6,44,3.14285714285714,14,3.54838709677419,0.666666666666667,'2012-02-28 14:00:02',9),(1344,7,274,4.28125,64,4.83366935483871,3,'2012-02-28 14:10:02',1),(1345,4,208,4.16,50,4.69677419354839,2.34375,'2012-02-28 14:10:02',2),(1346,2,147,3.76923076923077,39,4.25558312655087,1.828125,'2012-02-28 14:10:02',3),(1347,10,60,4.28571428571429,14,4.83870967741935,0.65625,'2012-02-28 14:10:02',4),(1348,11,31,4.42857142857143,7,5,0.328125,'2012-02-28 14:10:02',5),(1349,1,87,3.34615384615385,26,3.77791563275434,1.21875,'2012-02-28 14:10:02',6),(1350,8,65,3.42105263157895,19,3.86247877758913,0.890625,'2012-02-28 14:10:02',7),(1351,5,78,3.12,25,3.52258064516129,1.171875,'2012-02-28 14:10:02',8),(1352,6,47,3.13333333333333,15,3.53763440860215,0.703125,'2012-02-28 14:10:02',9);
/*!40000 ALTER TABLE `elections_ranking` ENABLE KEYS */;
UNLOCK TABLES;

--
-- Table structure for table `elections_votes`
--

DROP TABLE IF EXISTS `elections_votes`;
/*!40101 SET @saved_cs_client     = @@character_set_client */;
/*!40101 SET character_set_client = utf8 */;
CREATE TABLE `elections_votes` (
  `id` int(11) NOT NULL AUTO_INCREMENT,
  `candidate_id` int(11) NOT NULL,
  `stars` int(11) NOT NULL,
  `ip` varchar(255) NOT NULL,
  `voted_at` datetime NOT NULL,
  PRIMARY KEY (`id`),
  KEY `elections_votes_6c1886de` (`candidate_id`)
) ENGINE=MyISAM AUTO_INCREMENT=265 DEFAULT CHARSET=utf8;
/*!40101 SET character_set_client = @saved_cs_client */;

--
-- Dumping data for table `elections_votes`
--

LOCK TABLES `elections_votes` WRITE;
/*!40000 ALTER TABLE `elections_votes` DISABLE KEYS */;
INSERT INTO `elections_votes` VALUES (9,2,1,'66.249.71.73','2012-02-27 02:56:50'),(8,2,4,'74.125.16.208','2012-02-26 22:36:11'),(7,2,4,'80.174.200.64','2012-02-26 22:35:00'),(4,2,5,'84.79.233.116','2012-02-26 15:22:28'),(5,1,1,'77.222.128.221','2012-02-26 17:02:04'),(6,2,1,'77.222.128.221','2012-02-26 17:02:05'),(10,2,2,'66.249.66.60','2012-02-27 02:57:16'),(11,1,4,'66.249.66.60','2012-02-27 02:58:00'),(12,1,1,'66.249.71.73','2012-02-27 03:02:25'),(13,2,5,'195.53.56.195','2012-02-27 08:04:42'),(14,1,1,'77.222.128.221','2012-02-27 09:52:52'),(15,2,1,'77.222.128.221','2012-02-27 09:52:53'),(16,2,4,'66.249.66.57','2012-02-27 10:09:03'),(17,1,5,'66.249.66.57','2012-02-27 10:09:43'),(18,4,5,'155.54.205.72','2012-02-27 10:17:09'),(19,4,5,'195.55.166.178','2012-02-27 10:18:41'),(20,1,5,'195.76.204.2','2012-02-27 10:23:34'),(21,2,5,'195.76.204.2','2012-02-27 10:23:54'),(22,4,5,'195.76.204.2','2012-02-27 10:25:51'),(23,2,5,'31.222.112.137','2012-02-27 10:26:13'),(24,1,5,'31.222.112.137','2012-02-27 10:26:20'),(25,4,1,'66.249.66.57','2012-02-27 10:37:32'),(26,1,5,'155.54.205.72','2012-02-27 10:37:58'),(27,5,5,'155.54.205.72','2012-02-27 10:38:06'),(28,2,1,'155.54.205.72','2012-02-27 10:38:13'),(29,5,5,'195.76.204.2','2012-02-27 10:38:17'),(30,4,2,'66.249.71.73','2012-02-27 10:40:10'),(31,1,5,'87.222.143.251','2012-02-27 10:40:31'),(32,5,5,'31.222.112.137','2012-02-27 10:40:36'),(33,1,5,'84.124.149.203','2012-02-27 10:42:50'),(34,4,5,'84.124.149.203','2012-02-27 10:42:59'),(35,5,5,'195.55.166.178','2012-02-27 10:46:26'),(36,5,1,'66.249.71.73','2012-02-27 11:02:35'),(37,5,5,'66.249.66.57','2012-02-27 11:04:10'),(38,4,5,'69.63.190.244','2012-02-27 11:37:43'),(39,4,5,'199.59.149.165','2012-02-27 11:39:42'),(40,4,5,'87.222.143.251','2012-02-27 11:39:46'),(41,4,5,'155.54.205.50','2012-02-27 11:41:06'),(42,4,5,'184.72.187.14','2012-02-27 11:41:35'),(43,2,5,'199.59.149.165','2012-02-27 11:42:32'),(44,4,5,'81.202.76.233','2012-02-27 11:42:34'),(45,2,5,'87.222.143.251','2012-02-27 11:42:42'),(46,2,5,'92.225.138.110','2012-02-27 11:43:05'),(47,2,5,'80.174.200.64','2012-02-27 11:43:31'),(48,2,5,'81.202.76.233','2012-02-27 11:43:39'),(49,2,5,'213.37.35.2','2012-02-27 11:43:41'),(50,4,5,'69.171.242.246','2012-02-27 11:47:30'),(51,2,5,'87.221.184.93','2012-02-27 11:53:26'),(52,2,5,'107.20.112.109','2012-02-27 11:55:38'),(53,2,5,'88.23.250.69','2012-02-27 11:56:50'),(54,4,5,'87.221.40.75','2012-02-27 12:00:23'),(55,4,5,'156.17.235.131','2012-02-27 12:09:15'),(56,2,3,'85.53.94.170','2012-02-27 12:18:21'),(57,5,5,'87.222.143.251','2012-02-27 12:19:00'),(58,4,5,'213.37.154.208','2012-02-27 12:24:04'),(59,4,5,'150.70.75.37','2012-02-27 12:28:21'),(60,2,5,'107.21.190.174','2012-02-27 12:28:35'),(61,2,5,'83.53.92.195','2012-02-27 12:31:12'),(62,4,5,'107.21.190.174','2012-02-27 12:42:59'),(63,4,5,'88.23.250.69','2012-02-27 13:25:58'),(64,4,5,'80.58.205.45','2012-02-27 13:27:25'),(65,1,5,'95.131.161.188','2012-02-27 13:31:50'),(66,4,5,'84.121.16.138','2012-02-27 13:47:08'),(67,4,5,'83.37.54.121','2012-02-27 13:47:28'),(68,2,5,'83.37.54.121','2012-02-27 13:48:04'),(69,4,5,'83.53.92.195','2012-02-27 13:49:39'),(70,6,5,'95.131.160.42','2012-02-27 14:41:31'),(71,6,5,'195.76.204.2','2012-02-27 14:44:06'),(72,4,5,'15.203.169.106','2012-02-27 14:45:12'),(73,4,1,'95.131.160.42','2012-02-27 14:48:28'),(74,2,1,'95.131.160.42','2012-02-27 14:48:34'),(75,5,1,'95.131.160.42','2012-02-27 14:48:37'),(76,1,1,'95.131.160.42','2012-02-27 14:48:50'),(77,6,3,'87.222.143.251','2012-02-27 14:57:40'),(78,4,5,'95.131.161.188','2012-02-27 15:00:06'),(79,4,5,'155.54.231.137','2012-02-27 15:03:31'),(80,4,5,'83.33.65.164','2012-02-27 15:15:20'),(81,7,5,'95.131.160.42','2012-02-27 15:21:52'),(82,7,5,'31.222.112.137','2012-02-27 15:24:57'),(83,5,1,'66.220.153.246','2012-02-27 15:27:24'),(84,7,5,'66.220.153.251','2012-02-27 15:28:27'),(85,7,5,'173.192.79.101','2012-02-27 15:28:49'),(86,7,5,'50.18.121.54','2012-02-27 15:28:49'),(87,7,5,'89.151.116.53','2012-02-27 15:28:50'),(88,7,5,'199.59.149.165','2012-02-27 15:28:51'),(89,7,5,'184.72.47.71','2012-02-27 15:28:53'),(90,7,5,'87.221.41.62','2012-02-27 15:29:02'),(91,7,5,'79.109.164.7','2012-02-27 15:29:03'),(92,7,5,'50.18.71.199','2012-02-27 15:29:05'),(93,7,5,'184.72.187.14','2012-02-27 15:29:06'),(94,7,5,'74.112.131.128','2012-02-27 15:29:22'),(95,7,5,'79.109.182.108','2012-02-27 15:29:45'),(96,7,1,'155.54.205.72','2012-02-27 15:32:04'),(97,7,5,'80.174.200.64','2012-02-27 15:32:09'),(98,7,5,'81.39.93.67','2012-02-27 15:32:12'),(99,7,5,'50.19.205.250','2012-02-27 15:32:26'),(100,7,5,'83.37.54.121','2012-02-27 15:34:52'),(101,7,5,'79.109.177.201','2012-02-27 15:35:52'),(102,7,5,'65.52.0.205','2012-02-27 15:36:02'),(103,7,5,'184.169.250.15','2012-02-27 15:38:32'),(104,7,5,'50.18.121.55','2012-02-27 15:38:37'),(105,7,5,'184.72.46.206','2012-02-27 15:38:40'),(106,5,5,'87.221.41.62','2012-02-27 15:38:47'),(107,6,1,'87.221.41.62','2012-02-27 15:38:53'),(108,4,1,'87.221.41.62','2012-02-27 15:38:54'),(109,2,1,'87.221.41.62','2012-02-27 15:38:55'),(110,1,1,'87.221.41.62','2012-02-27 15:38:58'),(111,7,5,'90.165.28.59','2012-02-27 15:39:50'),(112,7,5,'216.168.43.104','2012-02-27 15:40:13'),(113,7,5,'107.21.118.229','2012-02-27 15:40:40'),(114,7,5,'195.55.166.178','2012-02-27 15:43:35'),(115,7,5,'84.232.44.2','2012-02-27 15:43:54'),(116,7,5,'213.37.49.226','2012-02-27 15:47:42'),(117,7,5,'74.86.53.5','2012-02-27 15:53:26'),(118,7,5,'209.85.228.88','2012-02-27 15:53:54'),(119,7,5,'209.85.228.94','2012-02-27 15:53:55'),(120,7,5,'84.121.19.42','2012-02-27 15:55:56'),(121,7,1,'88.23.250.69','2012-02-27 15:56:56'),(122,5,1,'88.23.250.69','2012-02-27 15:57:11'),(123,1,1,'88.23.250.69','2012-02-27 15:57:16'),(124,6,1,'88.23.250.69','2012-02-27 15:57:20'),(125,8,5,'31.222.112.137','2012-02-27 16:03:18'),(126,8,5,'155.54.205.72','2012-02-27 16:03:31'),(127,5,1,'186.62.145.180','2012-02-27 16:05:14'),(128,8,5,'195.55.166.178','2012-02-27 16:06:00'),(129,1,1,'195.55.166.178','2012-02-27 16:06:08'),(130,6,1,'195.55.166.178','2012-02-27 16:06:14'),(131,7,5,'89.151.99.94','2012-02-27 16:08:50'),(132,8,1,'88.23.250.69','2012-02-27 16:12:30'),(133,9,1,'88.23.250.69','2012-02-27 16:12:35'),(134,7,5,'78.136.127.169','2012-02-27 16:16:31'),(135,7,2,'85.53.94.170','2012-02-27 16:55:44'),(136,4,5,'85.53.94.170','2012-02-27 16:55:52'),(137,8,5,'85.53.94.170','2012-02-27 16:55:59'),(138,5,3,'85.53.94.170','2012-02-27 16:56:04'),(139,1,5,'85.53.94.170','2012-02-27 16:56:10'),(140,7,5,'92.58.160.121','2012-02-27 17:22:16'),(141,4,5,'92.58.160.121','2012-02-27 17:22:21'),(142,5,1,'79.109.188.90','2012-02-27 17:30:10'),(143,7,5,'107.20.112.109','2012-02-27 17:36:16'),(144,4,5,'84.121.94.78','2012-02-27 17:59:50'),(145,1,5,'155.54.223.82','2012-02-27 18:02:01'),(146,5,5,'84.79.233.116','2012-02-27 18:18:57'),(147,8,1,'84.79.233.116','2012-02-27 18:19:05'),(148,7,1,'84.79.233.116','2012-02-27 18:19:09'),(149,4,5,'84.79.233.116','2012-02-27 18:19:13'),(150,2,1,'84.79.233.116','2012-02-27 18:19:16'),(151,6,3,'84.79.233.116','2012-02-27 18:19:23'),(152,1,1,'84.79.233.116','2012-02-27 18:19:27'),(153,8,1,'87.222.143.251','2012-02-27 18:33:35'),(154,7,1,'87.222.143.251','2012-02-27 18:33:50'),(155,2,5,'155.54.224.83','2012-02-27 19:08:46'),(156,4,5,'84.124.145.119','2012-02-27 19:10:26'),(157,7,5,'84.124.198.97','2012-02-27 19:32:08'),(158,7,5,'88.25.200.144','2012-02-27 19:34:10'),(159,1,5,'88.25.200.144','2012-02-27 19:42:59'),(160,8,5,'88.25.200.144','2012-02-27 19:43:09'),(161,4,5,'84.121.101.205','2012-02-27 19:58:54'),(162,8,5,'95.131.160.42','2012-02-27 20:42:04'),(163,7,5,'209.85.228.91','2012-02-27 20:42:31'),(164,10,5,'88.25.200.144','2012-02-27 20:52:23'),(165,10,1,'84.79.233.116','2012-02-27 20:52:29'),(166,7,5,'79.109.188.90','2012-02-27 21:03:59'),(167,10,5,'95.131.160.42','2012-02-27 21:20:52'),(168,7,5,'95.131.160.42','2012-02-28 00:03:02'),(169,4,1,'95.131.160.42','2012-02-28 00:03:16'),(170,2,1,'95.131.160.42','2012-02-28 00:03:30'),(171,1,1,'95.131.160.42','2012-02-28 00:03:34'),(172,8,1,'95.131.160.42','2012-02-28 00:03:47'),(173,5,1,'95.131.160.42','2012-02-28 00:03:50'),(174,6,5,'95.131.160.42','2012-02-28 00:04:00'),(175,10,5,'95.131.160.42','2012-02-28 00:22:25'),(176,4,5,'2.136.251.187','2012-02-28 00:23:35'),(177,7,5,'2.136.251.187','2012-02-28 00:29:53'),(178,7,5,'82.145.211.110','2012-02-28 00:42:46'),(179,1,5,'62.83.22.34','2012-02-28 02:04:21'),(180,7,5,'178.154.160.29','2012-02-28 02:56:01'),(181,4,3,'66.249.66.40','2012-02-28 03:31:20'),(182,2,2,'66.249.71.164','2012-02-28 03:34:42'),(183,4,5,'66.249.71.164','2012-02-28 03:35:18'),(184,1,1,'66.249.71.164','2012-02-28 03:41:10'),(185,1,3,'66.249.66.40','2012-02-28 03:41:39'),(186,2,4,'66.249.66.40','2012-02-28 03:42:47'),(187,8,5,'66.249.66.57','2012-02-28 03:58:26'),(188,6,5,'66.249.66.57','2012-02-28 03:59:53'),(189,7,1,'66.249.66.57','2012-02-28 04:00:13'),(190,7,3,'66.249.71.73','2012-02-28 04:02:33'),(191,6,2,'66.249.71.73','2012-02-28 04:03:27'),(192,8,2,'66.249.71.73','2012-02-28 04:14:04'),(193,10,2,'66.249.66.57','2012-02-28 04:17:10'),(194,10,3,'66.249.71.73','2012-02-28 04:17:57'),(195,7,4,'66.249.66.40','2012-02-28 04:33:45'),(196,6,4,'66.249.66.40','2012-02-28 04:35:10'),(197,5,3,'66.249.66.40','2012-02-28 04:37:17'),(198,8,4,'66.249.66.40','2012-02-28 04:38:13'),(199,8,3,'66.249.71.164','2012-02-28 04:39:00'),(200,6,3,'66.249.71.164','2012-02-28 04:40:49'),(201,5,5,'66.249.71.164','2012-02-28 04:48:54'),(202,10,4,'66.249.66.40','2012-02-28 04:51:57'),(203,10,5,'195.53.56.195','2012-02-28 08:08:15'),(204,7,1,'195.53.56.195','2012-02-28 08:08:17'),(205,4,1,'195.53.56.195','2012-02-28 08:08:20'),(206,2,5,'195.53.56.195','2012-02-28 08:08:23'),(207,6,5,'195.53.56.195','2012-02-28 08:08:36'),(208,8,1,'195.53.56.195','2012-02-28 08:08:39'),(209,1,5,'195.53.56.195','2012-02-28 08:08:41'),(210,10,5,'195.76.204.2','2012-02-28 08:47:17'),(211,7,5,'95.18.53.103','2012-02-28 09:03:05'),(212,4,5,'84.124.145.119','2012-02-28 09:11:11'),(213,7,5,'79.109.188.90','2012-02-28 09:11:30'),(214,4,1,'195.76.204.2','2012-02-28 09:20:14'),(215,7,1,'195.76.204.2','2012-02-28 09:20:53'),(216,5,1,'195.53.56.195','2012-02-28 09:24:46'),(217,5,5,'31.44.150.92','2012-02-28 09:25:01'),(218,7,5,'31.44.150.92','2012-02-28 09:25:11'),(219,2,5,'31.44.150.92','2012-02-28 09:25:19'),(220,10,5,'155.54.205.72','2012-02-28 09:35:23'),(221,4,5,'155.54.205.72','2012-02-28 09:35:25'),(222,7,1,'155.54.205.72','2012-02-28 09:35:30'),(223,2,1,'155.54.205.72','2012-02-28 09:35:34'),(224,1,5,'155.54.205.72','2012-02-28 09:35:37'),(225,5,5,'155.54.205.72','2012-02-28 09:35:45'),(226,8,5,'155.54.205.72','2012-02-28 09:35:48'),(227,8,5,'193.147.143.23','2012-02-28 09:36:45'),(228,10,5,'193.147.143.23','2012-02-28 09:36:50'),(229,7,5,'193.147.143.23','2012-02-28 09:36:54'),(230,7,5,'85.53.94.170','2012-02-28 10:02:34'),(231,4,1,'85.53.94.170','2012-02-28 10:02:41'),(232,2,5,'85.53.94.170','2012-02-28 10:02:44'),(233,10,5,'85.53.94.170','2012-02-28 10:02:51'),(234,8,5,'85.53.94.170','2012-02-28 10:02:55'),(235,6,1,'85.53.94.170','2012-02-28 10:02:58'),(236,5,1,'85.53.94.170','2012-02-28 10:03:01'),(237,2,5,'195.55.166.178','2012-02-28 11:11:30'),(238,7,1,'87.222.143.251','2012-02-28 11:12:49'),(239,4,1,'87.222.143.251','2012-02-28 11:12:52'),(240,10,5,'87.222.143.251','2012-02-28 11:13:12'),(241,5,5,'87.222.143.251','2012-02-28 11:13:17'),(242,2,5,'95.131.161.188','2012-02-28 11:23:57'),(243,4,5,'95.131.161.188','2012-02-28 11:24:00'),(244,7,5,'80.34.98.229','2012-02-28 11:29:19'),(245,1,5,'87.222.143.251','2012-02-28 12:12:53'),(246,11,5,'195.53.56.195','2012-02-28 12:23:16'),(247,11,5,'87.222.143.251','2012-02-28 12:29:53'),(248,11,1,'155.54.205.72','2012-02-28 12:31:45'),(249,11,5,'85.53.94.170','2012-02-28 12:32:32'),(250,2,5,'88.23.250.69','2012-02-28 12:32:51'),(251,11,5,'88.23.250.69','2012-02-28 12:52:51'),(252,11,5,'95.131.160.42','2012-02-28 12:56:47'),(253,4,5,'155.54.231.223','2012-02-28 13:09:02'),(254,4,5,'155.54.67.202','2012-02-28 13:48:52'),(255,11,5,'84.124.149.203','2012-02-28 13:51:30'),(256,10,5,'84.124.149.203','2012-02-28 13:51:44'),(257,4,3,'66.249.71.73','2012-02-28 14:03:18'),(258,8,1,'66.249.66.60','2012-02-28 14:03:59'),(259,5,1,'66.249.66.60','2012-02-28 14:06:10'),(260,7,1,'66.249.66.60','2012-02-28 14:06:23'),(261,6,3,'66.249.66.60','2012-02-28 14:06:44'),(262,4,2,'66.249.66.60','2012-02-28 14:06:51'),(263,5,2,'66.249.71.73','2012-02-28 14:06:55'),(264,11,5,'66.249.71.73','2012-02-28 14:16:36');
/*!40000 ALTER TABLE `elections_votes` ENABLE KEYS */;
UNLOCK TABLES;
/*!40103 SET TIME_ZONE=@OLD_TIME_ZONE */;

/*!40101 SET SQL_MODE=@OLD_SQL_MODE */;
/*!40014 SET FOREIGN_KEY_CHECKS=@OLD_FOREIGN_KEY_CHECKS */;
/*!40014 SET UNIQUE_CHECKS=@OLD_UNIQUE_CHECKS */;
/*!40101 SET CHARACTER_SET_CLIENT=@OLD_CHARACTER_SET_CLIENT */;
/*!40101 SET CHARACTER_SET_RESULTS=@OLD_CHARACTER_SET_RESULTS */;
/*!40101 SET COLLATION_CONNECTION=@OLD_COLLATION_CONNECTION */;
/*!40111 SET SQL_NOTES=@OLD_SQL_NOTES */;

-- Dump completed on 2012-02-28 14:17:47
